AUTO,distance,angle,Length,distance_2,angle_2,pre_monsoon1,post_monsoon1
1,50,233.063482341182,300,0,143.063482341178,278.766662597656,278.842590332031
1,50,233.063482341182,300,10,143.063482341178,278.758026123047,278.83251953125
1,50,233.063482341182,300,20,143.063482341178,277.870391845703,278.043762207031
1,50,233.063482341182,300,30,143.063482341178,277.655303955078,277.922546386719
1,50,233.063482341182,300,40,143.063482341178,277.854614257812,277.990844726562
1,50,233.063482341182,300,50,143.063482341178,277.785064697266,277.927703857422
1,50,233.063482341182,300,60,143.063482341178,277.817108154297,278.020782470703
1,50,233.063482341182,300,70,143.063482341178,277.692077636719,277.890991210938
1,50,233.063482341182,300,80,143.063482341178,277.592041015625,277.813995361328
1,50,233.063482341182,300,90,143.063482341178,277.595306396484,277.910858154297
1,50,233.063482341182,300,100,143.063482341178,277.542297363281,277.775268554688
1,50,233.063482341182,300,110,143.063482341178,277.653137207031,277.780303955078
1,50,233.063482341182,300,120,143.063482341178,277.569854736328,277.632629394531
1,50,233.063482341182,300,130,143.063482341178,277.479736328125,277.562591552734
1,50,233.063482341182,300,140,143.063482341178,277.536773681641,277.625457763672
1,50,233.063482341182,300,150,143.063482341178,277.4130859375,277.49072265625
1,50,233.063482341182,300,160,143.063482341178,276.939239501953,277.160064697266
1,50,233.063482341182,300,170,143.063482341178,277.118774414062,277.324768066406
1,50,233.063482341182,300,180,143.063482341178,277.254943847656,277.437896728516
1,50,233.063482341182,300,190,143.063482341178,277.457336425781,277.550689697266
1,50,233.063482341182,300,200,143.063482341178,277.396240234375,277.708374023438
1,50,233.063482341182,300,210,143.063482341178,277.381622314453,277.762237548828
1,50,233.063482341182,300,220,143.063482341178,277.587615966797,277.967834472656
1,50,233.063482341182,300,230,143.063482341178,277.521209716797,278.068206787109
1,50,233.063482341182,300,240,143.063482341178,277.566955566406,278.176605224609
1,50,233.063482341182,300,250,143.063482341178,277.677764892578,278.287628173828
1,50,233.063482341182,300,260,143.063482341178,277.581237792969,278.276824951172
1,50,233.063482341182,300,270,143.063482341178,277.785858154297,278.327423095703
1,50,233.063482341182,300,280,143.063482341178,278.298522949219,278.572906494141
1,50,233.063482341182,300,290,143.063482341178,278.614410400391,278.764862060547
1,100,223.774663501914,308,0,133.774663501917,277.515472412109,277.619018554688
1,100,223.774663501914,308,10,133.774663501917,277.659332275391,277.753204345703
1,100,223.774663501914,308,20,133.774663501917,277.320037841797,277.437103271484
1,100,223.774663501914,308,30,133.774663501917,277.196044921875,277.333404541016
1,100,223.774663501914,308,40,133.774663501917,277.043792724609,277.233001708984
1,100,223.774663501914,308,50,133.774663501917,276.996429443359,277.218566894531
1,100,223.774663501914,308,60,133.774663501917,276.984008789062,277.275054931641
1,100,223.774663501914,308,70,133.774663501917,276.902099609375,277.209320068359
1,100,223.774663501914,308,80,133.774663501917,276.935211181641,277.276794433594
1,100,223.774663501914,308,90,133.774663501917,276.844879150391,277.200592041016
1,100,223.774663501914,308,100,133.774663501917,276.822448730469,277.283233642578
1,100,223.774663501914,308,110,133.774663501917,276.797882080078,277.255706787109
1,100,223.774663501914,308,120,133.774663501917,276.811340332031,277.265350341797
1,100,223.774663501914,308,130,133.774663501917,276.859741210938,277.143493652344
1,100,223.774663501914,308,140,133.774663501917,276.851226806641,277.108642578125
1,100,223.774663501914,308,150,133.774663501917,276.848541259766,277.090698242188
1,100,223.774663501914,308,160,133.774663501917,276.789794921875,277.042907714844
1,100,223.774663501914,308,170,133.774663501917,276.756225585938,277.060333251953
1,100,223.774663501914,308,180,133.774663501917,276.769775390625,277.100280761719
1,100,223.774663501914,308,190,133.774663501917,276.794982910156,277.138000488281
1,100,223.774663501914,308,200,133.774663501917,276.805480957031,277.218688964844
1,100,223.774663501914,308,210,133.774663501917,276.886383056641,277.297058105469
1,100,223.774663501914,308,220,133.774663501917,276.967437744141,277.420501708984
1,100,223.774663501914,308,230,133.774663501917,277.086883544922,277.493560791016
1,100,223.774663501914,308,240,133.774663501917,277.163421630859,277.558258056641
1,100,223.774663501914,308,250,133.774663501917,277.307067871094,277.686462402344
1,100,223.774663501914,308,260,133.774663501917,277.404144287109,277.751678466797
1,100,223.774663501914,308,270,133.774663501917,277.492492675781,277.815277099609
1,100,223.774663501914,308,280,133.774663501917,277.687835693359,277.945617675781
1,100,223.774663501914,308,290,133.774663501917,277.790313720703,278.013031005859
1,100,223.774663501914,308,300,133.774663501917,277.933013916016,278.107971191406
1,150,230.206711438718,319,0,140.206711438719,277.587829589844,277.679779052734
1,150,230.206711438718,319,10,140.206711438719,277.617645263672,277.706909179688
1,150,230.206711438718,319,20,140.206711438719,277.165435791016,277.270446777344
1,150,230.206711438718,319,30,140.206711438719,277.007141113281,277.106658935547
1,150,230.206711438718,319,40,140.206711438719,276.885711669922,276.994567871094
1,150,230.206711438718,319,50,140.206711438719,276.79248046875,276.931579589844
1,150,230.206711438718,319,60,140.206711438719,276.838012695312,277.009216308594
1,150,230.206711438718,319,70,140.206711438719,276.748840332031,276.969024658203
1,150,230.206711438718,319,80,140.206711438719,276.736999511719,276.977569580078
1,150,230.206711438718,319,90,140.206711438719,276.644653320312,276.927673339844
1,150,230.206711438718,319,100,140.206711438719,276.475555419922,277.015594482422
1,150,230.206711438718,319,110,140.206711438719,276.532287597656,276.949768066406
1,150,230.206711438718,319,120,140.206711438719,276.494842529297,276.929443359375
1,150,230.206711438718,319,130,140.206711438719,276.583923339844,276.835174560547
1,150,230.206711438718,319,140,140.206711438719,276.639251708984,276.751220703125
1,150,230.206711438718,319,150,140.206711438719,276.612701416016,276.669738769531
1,150,230.206711438718,319,160,140.206711438719,276.576263427734,276.744812011719
1,150,230.206711438718,319,170,140.206711438719,276.519653320312,276.612030029297
1,150,230.206711438718,319,180,140.206711438719,276.507690429688,276.575775146484
1,150,230.206711438718,319,190,140.206711438719,276.514587402344,276.639709472656
1,150,230.206711438718,319,200,140.206711438719,276.567749023438,276.782623291016
1,150,230.206711438718,319,210,140.206711438719,276.609680175781,276.859313964844
1,150,230.206711438718,319,220,140.206711438719,276.619293212891,276.979705810547
1,150,230.206711438718,319,230,140.206711438719,276.657318115234,277.040771484375
1,150,230.206711438718,319,240,140.206711438719,276.809143066406,277.140808105469
1,150,230.206711438718,319,250,140.206711438719,276.894073486328,277.187316894531
1,150,230.206711438718,319,260,140.206711438719,277.065032958984,277.315795898438
1,150,230.206711438718,319,270,140.206711438719,277.143218994141,277.366546630859
1,150,230.206711438718,319,280,140.206711438719,277.284515380859,277.453369140625
1,150,230.206711438718,319,290,140.206711438719,277.343048095703,277.490692138672
1,150,230.206711438718,319,300,140.206711438719,277.538970947266,277.643035888672
1,150,230.206711438718,319,310,140.206711438719,277.660278320312,277.763336181641
1,200,222.920977801044,323,0,132.920977801028,276.555541992188,276.689178466797
1,200,222.920977801044,323,10,132.920977801028,276.592407226562,276.722259521484
1,200,222.920977801044,323,20,132.920977801028,276.491027832031,276.626281738281
1,200,222.920977801044,323,30,132.920977801028,276.466430664062,276.60546875
1,200,222.920977801044,323,40,132.920977801028,276.377380371094,276.525970458984
1,200,222.920977801044,323,50,132.920977801028,276.378509521484,276.529479980469
1,200,222.920977801044,323,60,132.920977801028,276.354461669922,276.510803222656
1,200,222.920977801044,323,70,132.920977801028,276.285247802734,276.462799072266
1,200,222.920977801044,323,80,132.920977801028,276.299102783203,276.494201660156
1,200,222.920977801044,323,90,132.920977801028,276.280700683594,276.501983642578
1,200,222.920977801044,323,100,132.920977801028,276.226531982422,276.513916015625
1,200,222.920977801044,323,110,132.920977801028,276.194641113281,276.525543212891
1,200,222.920977801044,323,120,132.920977801028,276.178802490234,276.595428466797
1,200,222.920977801044,323,130,132.920977801028,276.081695556641,276.504791259766
1,200,222.920977801044,323,140,132.920977801028,276.057464599609,276.453063964844
1,200,222.920977801044,323,150,132.920977801028,276.088073730469,276.346557617188
1,200,222.920977801044,323,160,132.920977801028,276.082885742188,276.307342529297
1,200,222.920977801044,323,170,132.920977801028,276.061431884766,276.310852050781
1,200,222.920977801044,323,180,132.920977801028,276.122131347656,276.335388183594
1,200,222.920977801044,323,190,132.920977801028,276.160461425781,276.358764648438
1,200,222.920977801044,323,200,132.920977801028,276.264282226562,276.488586425781
1,200,222.920977801044,323,210,132.920977801028,276.304321289062,276.560516357422
1,200,222.920977801044,323,220,132.920977801028,276.384399414062,276.634338378906
1,200,222.920977801044,323,230,132.920977801028,276.433471679688,276.677856445312
1,200,222.920977801044,323,240,132.920977801028,276.509887695312,276.738647460938
1,200,222.920977801044,323,250,132.920977801028,276.626800537109,276.846008300781
1,200,222.920977801044,323,260,132.920977801028,276.729431152344,276.923889160156
1,200,222.920977801044,323,270,132.920977801028,276.845458984375,277.029846191406
1,200,222.920977801044,323,280,132.920977801028,276.918121337891,277.090698242188
1,200,222.920977801044,323,290,132.920977801028,277.064544677734,277.214080810547
1,200,222.920977801044,323,300,132.920977801028,277.139739990234,277.279296875
1,200,222.920977801044,323,310,132.920977801028,277.341156005859,277.465209960938
1,200,222.920977801044,323,320,132.920977801028,277.278564453125,277.406890869141
1,250,230.568116355629,320,0,140.568116355637,278.111907958984,278.182922363281
1,250,230.568116355629,320,10,140.568116355637,277.176086425781,277.208709716797
1,250,230.568116355629,320,20,140.568116355637,276.440032958984,276.479614257812
1,250,230.568116355629,320,30,140.568116355637,276.322723388672,276.399291992188
1,250,230.568116355629,320,40,140.568116355637,276.284820556641,276.404693603516
1,250,230.568116355629,320,50,140.568116355637,276.2509765625,276.3828125
1,250,230.568116355629,320,60,140.568116355637,276.203399658203,276.236206054688
1,250,230.568116355629,320,70,140.568116355637,276.157836914062,276.245361328125
1,250,230.568116355629,320,80,140.568116355637,276.114349365234,276.350921630859
1,250,230.568116355629,320,90,140.568116355637,276.103363037109,276.37158203125
1,250,230.568116355629,320,100,140.568116355637,276.105621337891,276.391510009766
1,250,230.568116355629,320,110,140.568116355637,276.025573730469,276.350524902344
1,250,230.568116355629,320,120,140.568116355637,275.982971191406,276.328704833984
1,250,230.568116355629,320,130,140.568116355637,275.783142089844,276.288818359375
1,250,230.568116355629,320,140,140.568116355637,275.722595214844,276.307434082031
1,250,230.568116355629,320,150,140.568116355637,275.869964599609,276.080627441406
1,250,230.568116355629,320,160,140.568116355637,275.801513671875,276.086853027344
1,250,230.568116355629,320,170,140.568116355637,275.774291992188,276.221038818359
1,250,230.568116355629,320,180,140.568116355637,275.770324707031,276.118621826172
1,250,230.568116355629,320,190,140.568116355637,275.853851318359,276.081420898438
1,250,230.568116355629,320,200,140.568116355637,275.932006835938,276.119934082031
1,250,230.568116355629,320,210,140.568116355637,276.041229248047,276.459350585938
1,250,230.568116355629,320,220,140.568116355637,276.176177978516,276.518615722656
1,250,230.568116355629,320,230,140.568116355637,276.380432128906,276.64453125
1,250,230.568116355629,320,240,140.568116355637,276.493194580078,276.658752441406
1,250,230.568116355629,320,250,140.568116355637,276.719390869141,276.567047119141
1,250,230.568116355629,320,260,140.568116355637,276.714416503906,276.768371582031
1,250,230.568116355629,320,270,140.568116355637,276.845397949219,276.937713623047
1,250,230.568116355629,320,280,140.568116355637,277.074035644531,277.173400878906
1,250,230.568116355629,320,290,140.568116355637,277.215148925781,277.291198730469
1,250,230.568116355629,320,300,140.568116355637,277.333618164062,277.396575927734
1,250,230.568116355629,320,310,140.568116355637,278.078582763672,278.135406494141
1,250,230.568116355629,320,320,140.568116355637,278.5009765625,278.525482177734
1,300,236.184182848136,328,0,146.184182848132,276.589447021484,276.693878173828
1,300,236.184182848136,328,10,146.184182848132,276.468109130859,276.570190429688
1,300,236.184182848136,328,20,146.184182848132,276.188323974609,276.297424316406
1,300,236.184182848136,328,30,146.184182848132,276.058349609375,276.168792724609
1,300,236.184182848136,328,40,146.184182848132,276.012115478516,276.129577636719
1,300,236.184182848136,328,50,146.184182848132,275.951232910156,276.068664550781
1,300,236.184182848136,328,60,146.184182848132,275.912170410156,276.026123046875
1,300,236.184182848136,328,70,146.184182848132,275.892364501953,276.014617919922
1,300,236.184182848136,328,80,146.184182848132,275.869598388672,275.991851806641
1,300,236.184182848136,328,90,146.184182848132,275.849578857422,275.983612060547
1,300,236.184182848136,328,100,146.184182848132,275.808990478516,275.978515625
1,300,236.184182848136,328,110,146.184182848132,275.671142578125,275.964385986328
1,300,236.184182848136,328,120,146.184182848132,275.593872070312,275.946899414062
1,300,236.184182848136,328,130,146.184182848132,275.582580566406,275.939514160156
1,300,236.184182848136,328,140,146.184182848132,275.548706054688,275.929016113281
1,300,236.184182848136,328,150,146.184182848132,275.587890625,275.937622070312
1,300,236.184182848136,328,160,146.184182848132,275.723602294922,275.957153320312
1,300,236.184182848136,328,170,146.184182848132,275.496917724609,275.893829345703
1,300,236.184182848136,328,180,146.184182848132,275.465026855469,275.935760498047
1,300,236.184182848136,328,190,146.184182848132,275.425415039062,275.971649169922
1,300,236.184182848136,328,200,146.184182848132,275.389465332031,275.910095214844
1,300,236.184182848136,328,210,146.184182848132,275.466735839844,275.875122070312
1,300,236.184182848136,328,220,146.184182848132,275.510406494141,275.874847412109
1,300,236.184182848136,328,230,146.184182848132,275.796936035156,276.077819824219
1,300,236.184182848136,328,240,146.184182848132,275.940216064453,276.156646728516
1,300,236.184182848136,328,250,146.184182848132,276.045379638672,276.232727050781
1,300,236.184182848136,328,260,146.184182848132,276.125061035156,276.292572021484
1,300,236.184182848136,328,270,146.184182848132,276.197296142578,276.348815917969
1,300,236.184182848136,328,280,146.184182848132,276.425537109375,276.543518066406
1,300,236.184182848136,328,290,146.184182848132,276.498779296875,276.606842041016
1,300,236.184182848136,328,300,146.184182848132,276.621032714844,276.714752197266
1,300,236.184182848136,328,310,146.184182848132,276.732116699219,276.826019287109
1,300,236.184182848136,328,320,146.184182848132,276.792205810547,276.892730712891
1,350,229.11568029324,330,0,139.115680293233,277.6484375,277.668273925781
1,350,229.11568029324,330,10,139.115680293233,275.950805664062,276.027801513672
1,350,229.11568029324,330,20,139.115680293233,275.720092773438,275.807037353516
1,350,229.11568029324,330,30,139.115680293233,275.693420410156,275.747161865234
1,350,229.11568029324,330,40,139.115680293233,275.521911621094,275.733520507812
1,350,229.11568029324,330,50,139.115680293233,275.400573730469,275.703002929688
1,350,229.11568029324,330,60,139.115680293233,275.454284667969,275.668090820312
1,350,229.11568029324,330,70,139.115680293233,275.504089355469,275.636199951172
1,350,229.11568029324,330,80,139.115680293233,275.451629638672,275.622711181641
1,350,229.11568029324,330,90,139.115680293233,275.437927246094,275.603515625
1,350,229.11568029324,330,100,139.115680293233,275.418029785156,275.594757080078
1,350,229.11568029324,330,110,139.115680293233,275.228424072266,275.584564208984
1,350,229.11568029324,330,120,139.115680293233,275.181884765625,275.575927734375
1,350,229.11568029324,330,130,139.115680293233,275.106018066406,275.558013916016
1,350,229.11568029324,330,140,139.115680293233,275.068481445312,275.554901123047
1,350,229.11568029324,330,150,139.115680293233,275.024322509766,275.547210693359
1,350,229.11568029324,330,160,139.115680293233,275.187835693359,275.576721191406
1,350,229.11568029324,330,170,139.115680293233,275.109924316406,275.471099853516
1,350,229.11568029324,330,180,139.115680293233,275.084014892578,275.482025146484
1,350,229.11568029324,330,190,139.115680293233,274.970367431641,275.341003417969
1,350,229.11568029324,330,200,139.115680293233,274.949401855469,275.3603515625
1,350,229.11568029324,330,210,139.115680293233,274.912506103516,275.3623046875
1,350,229.11568029324,330,220,139.115680293233,275.098419189453,275.580383300781
1,350,229.11568029324,330,230,139.115680293233,275.273071289062,275.651733398438
1,350,229.11568029324,330,240,139.115680293233,275.471801757812,275.793151855469
1,350,229.11568029324,330,250,139.115680293233,275.632202148438,275.922576904297
1,350,229.11568029324,330,260,139.115680293233,275.872436523438,276.050262451172
1,350,229.11568029324,330,270,139.115680293233,275.973876953125,276.158874511719
1,350,229.11568029324,330,280,139.115680293233,276.209899902344,276.279052734375
1,350,229.11568029324,330,290,139.115680293233,276.553009033203,276.565307617188
1,350,229.11568029324,330,300,139.115680293233,276.657135009766,276.692779541016
1,350,229.11568029324,330,310,139.115680293233,276.869934082031,276.910217285156
1,350,229.11568029324,330,320,139.115680293233,277.734954833984,277.750274658203
1,400,232.408439540181,349,0,142.408439540188,276.855163574219,276.916625976562
1,400,232.408439540181,349,10,142.408439540188,276.647674560547,276.717437744141
1,400,232.408439540181,349,20,142.408439540188,275.950866699219,276.016357421875
1,400,232.408439540181,349,30,142.408439540188,275.460083007812,275.604187011719
1,400,232.408439540181,349,40,142.408439540188,275.421630859375,275.612121582031
1,400,232.408439540181,349,50,142.408439540188,275.386596679688,275.589202880859
1,400,232.408439540181,349,60,142.408439540188,275.395660400391,275.593475341797
1,400,232.408439540181,349,70,142.408439540188,275.397125244141,275.617156982422
1,400,232.408439540181,349,80,142.408439540188,275.27490234375,275.449035644531
1,400,232.408439540181,349,90,142.408439540188,275.247192382812,275.401458740234
1,400,232.408439540181,349,100,142.408439540188,275.278167724609,275.355072021484
1,400,232.408439540181,349,110,142.408439540188,275.165344238281,275.315155029297
1,400,232.408439540181,349,120,142.408439540188,275.185913085938,275.248016357422
1,400,232.408439540181,349,130,142.408439540188,275.115295410156,275.258575439453
1,400,232.408439540181,349,140,142.408439540188,274.946166992188,275.209411621094
1,400,232.408439540181,349,150,142.408439540188,274.933288574219,275.187255859375
1,400,232.408439540181,349,160,142.408439540188,274.830200195312,275.181671142578
1,400,232.408439540181,349,170,142.408439540188,275.030609130859,275.293304443359
1,400,232.408439540181,349,180,142.408439540188,274.980407714844,275.327270507812
1,400,232.408439540181,349,190,142.408439540188,275.113067626953,275.401672363281
1,400,232.408439540181,349,200,142.408439540188,275.037200927734,275.27783203125
1,400,232.408439540181,349,210,142.408439540188,275.187255859375,275.580261230469
1,400,232.408439540181,349,220,142.408439540188,275.132171630859,275.555908203125
1,400,232.408439540181,349,230,142.408439540188,275.212615966797,275.520721435547
1,400,232.408439540181,349,240,142.408439540188,275.155212402344,275.354553222656
1,400,232.408439540181,349,250,142.408439540188,275.219512939453,275.318450927734
1,400,232.408439540181,349,260,142.408439540188,275.318511962891,275.384490966797
1,400,232.408439540181,349,270,142.408439540188,275.469390869141,275.540985107422
1,400,232.408439540181,349,280,142.408439540188,275.661712646484,275.895446777344
1,400,232.408439540181,349,290,142.408439540188,275.817047119141,275.856597900391
1,400,232.408439540181,349,300,142.408439540188,275.789855957031,275.882232666016
1,400,232.408439540181,349,310,142.408439540188,275.821685791016,275.980041503906
1,400,232.408439540181,349,320,142.408439540188,275.99951171875,276.084289550781
1,400,232.408439540181,349,330,142.408439540188,276.191589355469,276.202270507812
1,400,232.408439540181,349,340,142.408439540188,277.176727294922,277.216918945312
1,450,225.940252582884,350,0,135.940252582897,276.768585205078,276.845245361328
1,450,225.940252582884,350,10,135.940252582897,275.437713623047,275.653442382812
1,450,225.940252582884,350,20,135.940252582897,274.919311523438,275.317565917969
1,450,225.940252582884,350,30,135.940252582897,275.017272949219,275.362030029297
1,450,225.940252582884,350,40,135.940252582897,275.33984375,275.675354003906
1,450,225.940252582884,350,50,135.940252582897,275.284393310547,275.639984130859
1,450,225.940252582884,350,60,135.940252582897,275.194244384766,275.461669921875
1,450,225.940252582884,350,70,135.940252582897,275.154022216797,275.495697021484
1,450,225.940252582884,350,80,135.940252582897,274.677520751953,275.170471191406
1,450,225.940252582884,350,90,135.940252582897,274.885192871094,275.148681640625
1,450,225.940252582884,350,100,135.940252582897,274.949584960938,275.229675292969
1,450,225.940252582884,350,110,135.940252582897,274.951141357422,275.334625244141
1,450,225.940252582884,350,120,135.940252582897,274.908111572266,275.226898193359
1,450,225.940252582884,350,130,135.940252582897,274.775756835938,275.086791992188
1,450,225.940252582884,350,140,135.940252582897,274.716278076172,274.971557617188
1,450,225.940252582884,350,150,135.940252582897,274.689239501953,274.878234863281
1,450,225.940252582884,350,160,135.940252582897,274.682647705078,274.8564453125
1,450,225.940252582884,350,170,135.940252582897,274.653839111328,274.845977783203
1,450,225.940252582884,350,180,135.940252582897,274.895904541016,274.926910400391
1,450,225.940252582884,350,190,135.940252582897,274.874572753906,275.090057373047
1,450,225.940252582884,350,200,135.940252582897,274.765625,275.160766601562
1,450,225.940252582884,350,210,135.940252582897,274.732513427734,275.129547119141
1,450,225.940252582884,350,220,135.940252582897,275.036254882812,275.364044189453
1,450,225.940252582884,350,230,135.940252582897,275.079528808594,275.373260498047
1,450,225.940252582884,350,240,135.940252582897,275.130065917969,275.366149902344
1,450,225.940252582884,350,250,135.940252582897,275.181396484375,275.387115478516
1,450,225.940252582884,350,260,135.940252582897,275.214477539062,275.398010253906
1,450,225.940252582884,350,270,135.940252582897,275.278228759766,275.442321777344
1,450,225.940252582884,350,280,135.940252582897,275.326568603516,275.463439941406
1,450,225.940252582884,350,290,135.940252582897,275.4580078125,275.486175537109
1,450,225.940252582884,350,300,135.940252582897,275.546722412109,275.560638427734
1,450,225.940252582884,350,310,135.940252582897,275.568756103516,275.614837646484
1,450,225.940252582884,350,320,135.940252582897,275.560882568359,275.710327148438
1,450,225.940252582884,350,330,135.940252582897,275.851226806641,275.941589355469
1,450,225.940252582884,350,340,135.940252582897,277.515838623047,277.523590087891
1,450,225.940252582884,350,350,135.940252582897,277.370788574219,277.418518066406
1,500,216.984645664925,356,0,126.984645664937,274.96337890625,275.099853515625
1,500,216.984645664925,356,10,126.984645664937,274.876190185547,275.010925292969
1,500,216.984645664925,356,20,126.984645664937,274.725158691406,274.861328125
1,500,216.984645664925,356,30,126.984645664937,274.646545410156,274.786743164062
1,500,216.984645664925,356,40,126.984645664937,274.57958984375,274.721405029297
1,500,216.984645664925,356,50,126.984645664937,274.553253173828,274.692993164062
1,500,216.984645664925,356,60,126.984645664937,274.523773193359,274.683471679688
1,500,216.984645664925,356,70,126.984645664937,274.536376953125,274.694213867188
1,500,216.984645664925,356,80,126.984645664937,274.534881591797,274.702606201172
1,500,216.984645664925,356,90,126.984645664937,274.559936523438,274.736724853516
1,500,216.984645664925,356,100,126.984645664937,274.584167480469,274.796661376953
1,500,216.984645664925,356,110,126.984645664937,274.490539550781,274.754577636719
1,500,216.984645664925,356,120,126.984645664937,274.432891845703,274.743591308594
1,500,216.984645664925,356,130,126.984645664937,274.376495361328,274.707427978516
1,500,216.984645664925,356,140,126.984645664937,274.294311523438,274.659545898438
1,500,216.984645664925,356,150,126.984645664937,274.241363525391,274.5498046875
1,500,216.984645664925,356,160,126.984645664937,274.320739746094,274.542846679688
1,500,216.984645664925,356,170,126.984645664937,274.324523925781,274.507904052734
1,500,216.984645664925,356,180,126.984645664937,274.324676513672,274.484741210938
1,500,216.984645664925,356,190,126.984645664937,274.415710449219,274.637237548828
1,500,216.984645664925,356,200,126.984645664937,274.498077392578,274.767700195312
1,500,216.984645664925,356,210,126.984645664937,274.475158691406,274.833435058594
1,500,216.984645664925,356,220,126.984645664937,274.633544921875,274.945251464844
1,500,216.984645664925,356,230,126.984645664937,274.718780517578,274.990020751953
1,500,216.984645664925,356,240,126.984645664937,274.792907714844,275.039489746094
1,500,216.984645664925,356,250,126.984645664937,274.857818603516,275.090667724609
1,500,216.984645664925,356,260,126.984645664937,274.896881103516,275.122741699219
1,500,216.984645664925,356,270,126.984645664937,274.961883544922,275.171051025391
1,500,216.984645664925,356,280,126.984645664937,275.000366210938,275.198669433594
1,500,216.984645664925,356,290,126.984645664937,275.080718994141,275.258026123047
1,500,216.984645664925,356,300,126.984645664937,275.170959472656,275.331237792969
1,500,216.984645664925,356,310,126.984645664937,275.221466064453,275.371246337891
1,500,216.984645664925,356,320,126.984645664937,275.335571289062,275.476745605469
1,500,216.984645664925,356,330,126.984645664937,275.406951904297,275.544464111328
1,500,216.984645664925,356,340,126.984645664937,275.567901611328,275.699798583984
1,500,216.984645664925,356,350,126.984645664937,275.671905517578,275.801940917969
1,550,209.842505949575,350,0,119.842505949555,275.966827392578,276.076599121094
1,550,209.842505949575,350,10,119.842505949555,275.697814941406,275.820404052734
1,550,209.842505949575,350,20,119.842505949555,274.830017089844,275.038879394531
1,550,209.842505949575,350,30,119.842505949555,274.483215332031,274.734039306641
1,550,209.842505949575,350,40,119.842505949555,274.375823974609,274.638732910156
1,550,209.842505949575,350,50,119.842505949555,274.270843505859,274.531585693359
1,550,209.842505949575,350,60,119.842505949555,274.20751953125,274.476593017578
1,550,209.842505949575,350,70,119.842505949555,274.167877197266,274.448852539062
1,550,209.842505949575,350,80,119.842505949555,274.130340576172,274.424407958984
1,550,209.842505949575,350,90,119.842505949555,274.112701416016,274.413055419922
1,550,209.842505949575,350,100,119.842505949555,274.094421386719,274.401977539062
1,550,209.842505949575,350,110,119.842505949555,274.059448242188,274.386749267578
1,550,209.842505949575,350,120,119.842505949555,274.030517578125,274.36572265625
1,550,209.842505949575,350,130,119.842505949555,274.004089355469,274.339874267578
1,550,209.842505949575,350,140,119.842505949555,273.924743652344,274.296203613281
1,550,209.842505949575,350,150,119.842505949555,273.92431640625,274.240783691406
1,550,209.842505949575,350,160,119.842505949555,273.965667724609,274.199310302734
1,550,209.842505949575,350,170,119.842505949555,274.013977050781,274.246978759766
1,550,209.842505949575,350,180,119.842505949555,274.119812011719,274.402252197266
1,550,209.842505949575,350,190,119.842505949555,274.194305419922,274.518585205078
1,550,209.842505949575,350,200,119.842505949555,274.234191894531,274.568878173828
1,550,209.842505949575,350,210,119.842505949555,274.35205078125,274.651794433594
1,550,209.842505949575,350,220,119.842505949555,274.440490722656,274.718719482422
1,550,209.842505949575,350,230,119.842505949555,274.519378662109,274.782958984375
1,550,209.842505949575,350,240,119.842505949555,274.550689697266,274.808746337891
1,550,209.842505949575,350,250,119.842505949555,274.633148193359,274.873474121094
1,550,209.842505949575,350,260,119.842505949555,274.721862792969,274.942047119141
1,550,209.842505949575,350,270,119.842505949555,274.759643554688,274.967651367188
1,550,209.842505949575,350,280,119.842505949555,274.856536865234,275.044403076172
1,550,209.842505949575,350,290,119.842505949555,274.962738037109,275.131469726562
1,550,209.842505949575,350,300,119.842505949555,275.084228515625,275.232727050781
1,550,209.842505949575,350,310,119.842505949555,275.14404296875,275.283447265625
1,550,209.842505949575,350,320,119.842505949555,275.3125,275.444305419922
1,550,209.842505949575,350,330,119.842505949555,275.669921875,275.785858154297
1,550,209.842505949575,350,340,119.842505949555,276.753509521484,276.799926757812
1,550,209.842505949575,350,350,119.842505949555,276.857269287109,276.945281982422
1,600,212.196449968122,333,0,122.196449968106,274.742980957031,274.903350830078
1,600,212.196449968122,333,10,122.196449968106,274.743011474609,274.906463623047
1,600,212.196449968122,333,20,122.196449968106,274.397735595703,274.612182617188
1,600,212.196449968122,333,30,122.196449968106,274.170074462891,274.421325683594
1,600,212.196449968122,333,40,122.196449968106,274.071929931641,274.338592529297
1,600,212.196449968122,333,50,122.196449968106,273.920745849609,274.217529296875
1,600,212.196449968122,333,60,122.196449968106,273.855895996094,274.183776855469
1,600,212.196449968122,333,70,122.196449968106,273.803131103516,274.150360107422
1,600,212.196449968122,333,80,122.196449968106,273.740570068359,274.134552001953
1,600,212.196449968122,333,90,122.196449968106,273.667785644531,274.117034912109
1,600,212.196449968122,333,100,122.196449968106,273.591644287109,274.086761474609
1,600,212.196449968122,333,110,122.196449968106,273.582946777344,274.061340332031
1,600,212.196449968122,333,120,122.196449968106,273.527435302734,274.008270263672
1,600,212.196449968122,333,130,122.196449968106,273.525085449219,273.928955078125
1,600,212.196449968122,333,140,122.196449968106,273.549865722656,273.886932373047
1,600,212.196449968122,333,150,122.196449968106,273.5556640625,273.829986572266
1,600,212.196449968122,333,160,122.196449968106,273.762573242188,274.019378662109
1,600,212.196449968122,333,170,122.196449968106,273.820281982422,274.105224609375
1,600,212.196449968122,333,180,122.196449968106,273.929962158203,274.242553710938
1,600,212.196449968122,333,190,122.196449968106,274.007354736328,274.322723388672
1,600,212.196449968122,333,200,122.196449968106,274.006408691406,274.335418701172
1,600,212.196449968122,333,210,122.196449968106,274.089599609375,274.383361816406
1,600,212.196449968122,333,220,122.196449968106,274.16796875,274.440002441406
1,600,212.196449968122,333,230,122.196449968106,274.252349853516,274.510650634766
1,600,212.196449968122,333,240,122.196449968106,274.284759521484,274.536712646484
1,600,212.196449968122,333,250,122.196449968106,274.379058837891,274.612091064453
1,600,212.196449968122,333,260,122.196449968106,274.478729248047,274.687164306641
1,600,212.196449968122,333,270,122.196449968106,274.518951416016,274.715789794922
1,600,212.196449968122,333,280,122.196449968106,274.634704589844,274.803070068359
1,600,212.196449968122,333,290,122.196449968106,274.768920898438,274.906585693359
1,600,212.196449968122,333,300,122.196449968106,274.835571289062,274.965179443359
1,600,212.196449968122,333,310,122.196449968106,275.06689453125,275.171630859375
1,600,212.196449968122,333,320,122.196449968106,275.757202148438,275.837677001953
1,600,212.196449968122,333,330,122.196449968106,276.558197021484,276.622406005859
1,650,221.248120129777,327,0,131.248120129784,274.488677978516,274.655120849609
1,650,221.248120129777,327,10,131.248120129784,274.315979003906,274.509094238281
1,650,221.248120129777,327,20,131.248120129784,274.148559570312,274.364318847656
1,650,221.248120129777,327,30,131.248120129784,273.962463378906,274.215545654297
1,650,221.248120129777,327,40,131.248120129784,273.803070068359,274.070953369141
1,650,221.248120129777,327,50,131.248120129784,273.687561035156,273.986145019531
1,650,221.248120129777,327,60,131.248120129784,273.635864257812,273.935241699219
1,650,221.248120129777,327,70,131.248120129784,273.493011474609,273.847717285156
1,650,221.248120129777,327,80,131.248120129784,273.384521484375,273.806884765625
1,650,221.248120129777,327,90,131.248120129784,273.178588867188,273.723114013672
1,650,221.248120129777,327,100,131.248120129784,273.073547363281,273.621917724609
1,650,221.248120129777,327,110,131.248120129784,273.172088623047,273.663879394531
1,650,221.248120129777,327,120,131.248120129784,273.099334716797,273.598937988281
1,650,221.248120129777,327,130,131.248120129784,273.341217041016,273.749908447266
1,650,221.248120129777,327,140,131.248120129784,273.326446533203,273.772735595703
1,650,221.248120129777,327,150,131.248120129784,273.510589599609,273.904418945312
1,650,221.248120129777,327,160,131.248120129784,273.593505859375,273.937561035156
1,650,221.248120129777,327,170,131.248120129784,273.684722900391,273.979034423828
1,650,221.248120129777,327,180,131.248120129784,273.734130859375,273.990631103516
1,650,221.248120129777,327,190,131.248120129784,273.802307128906,274.03466796875
1,650,221.248120129777,327,200,131.248120129784,273.834136962891,274.033966064453
1,650,221.248120129777,327,210,131.248120129784,273.939331054688,274.093536376953
1,650,221.248120129777,327,220,131.248120129784,274.012115478516,274.116119384766
1,650,221.248120129777,327,230,131.248120129784,274.247772216797,274.159820556641
1,650,221.248120129777,327,240,131.248120129784,274.317535400391,274.182769775391
1,650,221.248120129777,327,250,131.248120129784,274.195739746094,274.24462890625
1,650,221.248120129777,327,260,131.248120129784,274.126739501953,274.254119873047
1,650,221.248120129777,327,270,131.248120129784,274.141723632812,274.313323974609
1,650,221.248120129777,327,280,131.248120129784,274.158203125,274.338897705078
1,650,221.248120129777,327,290,131.248120129784,274.232879638672,274.411560058594
1,650,221.248120129777,327,300,131.248120129784,274.291534423828,274.463745117188
1,650,221.248120129777,327,310,131.248120129784,274.437347412109,274.596618652344
1,650,221.248120129777,327,320,131.248120129784,274.502960205078,274.653839111328
1,700,235.112389557437,323,0,145.112389557434,274.206726074219,274.385833740234
1,700,235.112389557437,323,10,145.112389557434,274.126251220703,274.304321289062
1,700,235.112389557437,323,20,145.112389557434,274.035095214844,274.221252441406
1,700,235.112389557437,323,30,145.112389557434,273.878601074219,274.064849853516
1,700,235.112389557437,323,40,145.112389557434,273.73388671875,273.916809082031
1,700,235.112389557437,323,50,145.112389557434,273.667144775391,273.884399414062
1,700,235.112389557437,323,60,145.112389557434,273.58544921875,273.805877685547
1,700,235.112389557437,323,70,145.112389557434,273.545013427734,273.784118652344
1,700,235.112389557437,323,80,145.112389557434,273.468322753906,273.727233886719
1,700,235.112389557437,323,90,145.112389557434,273.382019042969,273.676910400391
1,700,235.112389557437,323,100,145.112389557434,273.344604492188,273.671417236328
1,700,235.112389557437,323,110,145.112389557434,273.247680664062,273.632904052734
1,700,235.112389557437,323,120,145.112389557434,273.261840820312,273.655181884766
1,700,235.112389557437,323,130,145.112389557434,273.286315917969,273.67626953125
1,700,235.112389557437,323,140,145.112389557434,273.284942626953,273.686645507812
1,700,235.112389557437,323,150,145.112389557434,273.350189208984,273.693389892578
1,700,235.112389557437,323,160,145.112389557434,273.421875,273.698089599609
1,700,235.112389557437,323,170,145.112389557434,273.453735351562,273.671783447266
1,700,235.112389557437,323,180,145.112389557434,273.474151611328,273.657653808594
1,700,235.112389557437,323,190,145.112389557434,273.547454833984,273.711486816406
1,700,235.112389557437,323,200,145.112389557434,273.583770751953,273.714691162109
1,700,235.112389557437,323,210,145.112389557434,273.590026855469,273.731170654297
1,700,235.112389557437,323,220,145.112389557434,273.538726806641,273.743865966797
1,700,235.112389557437,323,230,145.112389557434,273.544677734375,273.725433349609
1,700,235.112389557437,323,240,145.112389557434,273.625213623047,273.717926025391
1,700,235.112389557437,323,250,145.112389557434,273.633239746094,273.752014160156
1,700,235.112389557437,323,260,145.112389557434,273.623962402344,273.791473388672
1,700,235.112389557437,323,270,145.112389557434,273.620239257812,273.804504394531
1,700,235.112389557437,323,280,145.112389557434,273.671081542969,273.846069335938
1,700,235.112389557437,323,290,145.112389557434,273.840759277344,273.910614013672
1,700,235.112389557437,323,300,145.112389557434,273.993408203125,273.959808349609
1,700,235.112389557437,323,310,145.112389557434,274.501739501953,274.393096923828
1,700,235.112389557437,323,320,145.112389557434,274.745910644531,274.777374267578
1,750,239.161717072306,294,0,149.161717072303,274.129943847656,274.265319824219
1,750,239.161717072306,294,10,149.161717072303,273.92626953125,274.069244384766
1,750,239.161717072306,294,20,149.161717072303,273.728668212891,273.880310058594
1,750,239.161717072306,294,30,149.161717072303,273.579437255859,273.740631103516
1,750,239.161717072306,294,40,149.161717072303,273.518890380859,273.687286376953
1,750,239.161717072306,294,50,149.161717072303,273.421600341797,273.607696533203
1,750,239.161717072306,294,60,149.161717072303,273.341430664062,273.551940917969
1,750,239.161717072306,294,70,149.161717072303,273.312194824219,273.543884277344
1,750,239.161717072306,294,80,149.161717072303,273.239471435547,273.510894775391
1,750,239.161717072306,294,90,149.161717072303,273.158355712891,273.483001708984
1,750,239.161717072306,294,100,149.161717072303,273.071960449219,273.456359863281
1,750,239.161717072306,294,110,149.161717072303,273.064880371094,273.4599609375
1,750,239.161717072306,294,120,149.161717072303,273.021667480469,273.44384765625
1,750,239.161717072306,294,130,149.161717072303,273.001708984375,273.445831298828
1,750,239.161717072306,294,140,149.161717072303,272.999450683594,273.441040039062
1,750,239.161717072306,294,150,149.161717072303,273.032836914062,273.430450439453
1,750,239.161717072306,294,160,149.161717072303,273.030700683594,273.365539550781
1,750,239.161717072306,294,170,149.161717072303,273.175018310547,273.324859619141
1,750,239.161717072306,294,180,149.161717072303,273.264251708984,273.327087402344
1,750,239.161717072306,294,190,149.161717072303,273.27685546875,273.311889648438
1,750,239.161717072306,294,200,149.161717072303,273.281341552734,273.335968017578
1,750,239.161717072306,294,210,149.161717072303,273.217102050781,273.344421386719
1,750,239.161717072306,294,220,149.161717072303,273.199554443359,273.375762939453
1,750,239.161717072306,294,230,149.161717072303,273.301452636719,273.457763671875
1,750,239.161717072306,294,240,149.161717072303,273.3837890625,273.522094726562
1,750,239.161717072306,294,250,149.161717072303,273.426422119141,273.5576171875
1,750,239.161717072306,294,260,149.161717072303,273.505676269531,273.622436523438
1,750,239.161717072306,294,270,149.161717072303,273.633270263672,273.746917724609
1,750,239.161717072306,294,280,149.161717072303,273.813537597656,273.927703857422
1,750,239.161717072306,294,290,149.161717072303,273.977386474609,274.085876464844
1,800,242.313013130637,274,0,152.313013130637,274.032318115234,274.143585205078
1,800,242.313013130637,274,10,152.313013130637,273.823089599609,273.948181152344
1,800,242.313013130637,274,20,152.313013130637,273.552520751953,273.690185546875
1,800,242.313013130637,274,30,152.313013130637,273.355224609375,273.509796142578
1,800,242.313013130637,274,40,152.313013130637,273.240325927734,273.412902832031
1,800,242.313013130637,274,50,152.313013130637,273.161346435547,273.353271484375
1,800,242.313013130637,274,60,152.313013130637,273.129821777344,273.336181640625
1,800,242.313013130637,274,70,152.313013130637,273.068878173828,273.301605224609
1,800,242.313013130637,274,80,152.313013130637,273.011108398438,273.274078369141
1,800,242.313013130637,274,90,152.313013130637,272.956268310547,273.252502441406
1,800,242.313013130637,274,100,152.313013130637,272.935607910156,273.253356933594
1,800,242.313013130637,274,110,152.313013130637,272.882720947266,273.224945068359
1,800,242.313013130637,274,120,152.313013130637,272.838409423828,273.1865234375
1,800,242.313013130637,274,130,152.313013130637,272.828033447266,273.14306640625
1,800,242.313013130637,274,140,152.313013130637,272.859039306641,273.126556396484
1,800,242.313013130637,274,150,152.313013130637,272.861083984375,273.104125976562
1,800,242.313013130637,274,160,152.313013130637,272.859649658203,273.066009521484
1,800,242.313013130637,274,170,152.313013130637,272.84716796875,273.044097900391
1,800,242.313013130637,274,180,152.313013130637,272.851226806641,273.064239501953
1,800,242.313013130637,274,190,152.313013130637,272.810424804688,273.060760498047
1,800,242.313013130637,274,200,152.313013130637,272.911865234375,273.060699462891
1,800,242.313013130637,274,210,152.313013130637,272.962829589844,273.116241455078
1,800,242.313013130637,274,220,152.313013130637,273.019287109375,273.164764404297
1,800,242.313013130637,274,230,152.313013130637,273.057586669922,273.193237304688
1,800,242.313013130637,274,240,152.313013130637,273.149475097656,273.272094726562
1,800,242.313013130637,274,250,152.313013130637,273.272888183594,273.392120361328
1,800,242.313013130637,274,260,152.313013130637,273.436279296875,273.558502197266
1,800,242.313013130637,274,270,152.313013130637,273.518310546875,273.64794921875
1,850,239.735909983312,271,0,149.735909983318,273.934936523438,274.056457519531
1,850,239.735909983312,271,10,149.735909983318,273.743927001953,273.872741699219
1,850,239.735909983312,271,20,149.735909983318,273.393768310547,273.558685302734
1,850,239.735909983312,271,30,149.735909983318,273.145477294922,273.356628417969
1,850,239.735909983312,271,40,149.735909983318,273.072235107422,273.289916992188
1,850,239.735909983312,271,50,149.735909983318,272.962432861328,273.194488525391
1,850,239.735909983312,271,60,149.735909983318,272.884887695312,273.1328125
1,850,239.735909983312,271,70,149.735909983318,272.817504882812,273.087707519531
1,850,239.735909983312,271,80,149.735909983318,272.787689208984,273.07177734375
1,850,239.735909983312,271,90,149.735909983318,272.696838378906,273.029876708984
1,850,239.735909983312,271,100,149.735909983318,272.582336425781,272.986389160156
1,850,239.735909983312,271,110,149.735909983318,272.568115234375,272.978576660156
1,850,239.735909983312,271,120,149.735909983318,272.508209228516,272.940521240234
1,850,239.735909983312,271,130,149.735909983318,272.493103027344,272.927368164062
1,850,239.735909983312,271,140,149.735909983318,272.521636962891,272.921142578125
1,850,239.735909983312,271,150,149.735909983318,272.578491210938,272.92724609375
1,850,239.735909983312,271,160,149.735909983318,272.602447509766,272.905090332031
1,850,239.735909983312,271,170,149.735909983318,272.60400390625,272.884796142578
1,850,239.735909983312,271,180,149.735909983318,272.595520019531,272.870025634766
1,850,239.735909983312,271,190,149.735909983318,272.615264892578,272.885620117188
1,850,239.735909983312,271,200,149.735909983318,272.608917236328,272.878021240234
1,850,239.735909983312,271,210,149.735909983318,272.609222412109,272.8740234375
1,850,239.735909983312,271,220,149.735909983318,272.654357910156,272.901092529297
1,850,239.735909983312,271,230,149.735909983318,272.703216552734,272.912536621094
1,850,239.735909983312,271,240,149.735909983318,272.813781738281,272.981231689453
1,850,239.735909983312,271,250,149.735909983318,273.096466064453,273.226654052734
1,850,239.735909983312,271,260,149.735909983318,273.348083496094,273.477386474609
1,850,239.735909983312,271,270,149.735909983318,273.629974365234,273.75
1,900,245.635104715129,276,0,155.635104715132,273.388488769531,273.541137695312
1,900,245.635104715129,276,10,155.635104715132,273.316528320312,273.474304199219
1,900,245.635104715129,276,20,155.635104715132,273.167022705078,273.342864990234
1,900,245.635104715129,276,30,155.635104715132,273.014831542969,273.217529296875
1,900,245.635104715129,276,40,155.635104715132,272.888336181641,273.120422363281
1,900,245.635104715129,276,50,155.635104715132,272.830047607422,273.073974609375
1,900,245.635104715129,276,60,155.635104715132,272.731079101562,273.004852294922
1,900,245.635104715129,276,70,155.635104715132,272.648284912109,272.945648193359
1,900,245.635104715129,276,80,155.635104715132,272.573944091797,272.890899658203
1,900,245.635104715129,276,90,155.635104715132,272.500640869141,272.838562011719
1,900,245.635104715129,276,100,155.635104715132,272.425994873047,272.789733886719
1,900,245.635104715129,276,110,155.635104715132,272.371185302734,272.751647949219
1,900,245.635104715129,276,120,155.635104715132,272.301300048828,272.707916259766
1,900,245.635104715129,276,130,155.635104715132,272.255706787109,272.67041015625
1,900,245.635104715129,276,140,155.635104715132,272.240905761719,272.642883300781
1,900,245.635104715129,276,150,155.635104715132,272.244720458984,272.635681152344
1,900,245.635104715129,276,160,155.635104715132,272.192657470703,272.599945068359
1,900,245.635104715129,276,170,155.635104715132,272.239349365234,272.616760253906
1,900,245.635104715129,276,180,155.635104715132,272.236511230469,272.596740722656
1,900,245.635104715129,276,190,155.635104715132,272.222381591797,272.562713623047
1,900,245.635104715129,276,200,155.635104715132,272.205963134766,272.521240234375
1,900,245.635104715129,276,210,155.635104715132,272.190338134766,272.487274169922
1,900,245.635104715129,276,220,155.635104715132,272.117126464844,272.416351318359
1,900,245.635104715129,276,230,155.635104715132,272.114318847656,272.384796142578
1,900,245.635104715129,276,240,155.635104715132,272.188751220703,272.409332275391
1,900,245.635104715129,276,250,155.635104715132,272.435302734375,272.55126953125
1,900,245.635104715129,276,260,155.635104715132,273.571228027344,273.626251220703
1,900,245.635104715129,276,270,155.635104715132,274.549041748047,274.585968017578
1,950,229.606437542527,287,0,139.606437542516,273.056335449219,273.192352294922
1,950,229.606437542527,287,10,139.606437542516,273.136566162109,273.257873535156
1,950,229.606437542527,287,20,139.606437542516,272.904937744141,273.034606933594
1,950,229.606437542527,287,30,139.606437542516,272.820037841797,272.951477050781
1,950,229.606437542527,287,40,139.606437542516,272.674591064453,272.811737060547
1,950,229.606437542527,287,50,139.606437542516,272.599639892578,272.732330322266
1,950,229.606437542527,287,60,139.606437542516,272.428985595703,272.571166992188
1,950,229.606437542527,287,70,139.606437542516,272.325286865234,272.497314453125
1,950,229.606437542527,287,80,139.606437542516,272.196228027344,272.379699707031
1,950,229.606437542527,287,90,139.606437542516,272.129455566406,272.340881347656
1,950,229.606437542527,287,100,139.606437542516,272.075256347656,272.408782958984
1,950,229.606437542527,287,110,139.606437542516,272.038879394531,272.457977294922
1,950,229.606437542527,287,120,139.606437542516,271.951110839844,272.416900634766
1,950,229.606437542527,287,130,139.606437542516,271.963531494141,272.4091796875
1,950,229.606437542527,287,140,139.606437542516,272.009216308594,272.4111328125
1,950,229.606437542527,287,150,139.606437542516,272.039855957031,272.421905517578
1,950,229.606437542527,287,160,139.606437542516,272.052947998047,272.411254882812
1,950,229.606437542527,287,170,139.606437542516,272.085418701172,272.428375244141
1,950,229.606437542527,287,180,139.606437542516,272.133972167969,272.458160400391
1,950,229.606437542527,287,190,139.606437542516,272.154174804688,272.470123291016
1,950,229.606437542527,287,200,139.606437542516,272.164978027344,272.46533203125
1,950,229.606437542527,287,210,139.606437542516,272.206207275391,272.485961914062
1,950,229.606437542527,287,220,139.606437542516,272.227172851562,272.496398925781
1,950,229.606437542527,287,230,139.606437542516,272.264526367188,272.512298583984
1,950,229.606437542527,287,240,139.606437542516,272.304779052734,272.538238525391
1,950,229.606437542527,287,250,139.606437542516,272.442687988281,272.637512207031
1,950,229.606437542527,287,260,139.606437542516,272.573547363281,272.742919921875
1,950,229.606437542527,287,270,139.606437542516,272.862945556641,273.008819580078
1,950,229.606437542527,287,280,139.606437542516,273.504119873047,273.608367919922
1,1000,239.50560401509,292,0,149.505604015093,273.27734375,273.3896484375
1,1000,239.50560401509,292,10,149.505604015093,273.25439453125,273.358276367188
1,1000,239.50560401509,292,20,149.505604015093,272.898742675781,273.015075683594
1,1000,239.50560401509,292,30,149.505604015093,272.634155273438,272.769653320312
1,1000,239.50560401509,292,40,149.505604015093,272.533172607422,272.682556152344
1,1000,239.50560401509,292,50,149.505604015093,272.407867431641,272.577728271484
1,1000,239.50560401509,292,60,149.505604015093,272.320587158203,272.52978515625
1,1000,239.50560401509,292,70,149.505604015093,272.259552001953,272.488861083984
1,1000,239.50560401509,292,80,149.505604015093,272.221832275391,272.449432373047
1,1000,239.50560401509,292,90,149.505604015093,272.134979248047,272.380523681641
1,1000,239.50560401509,292,100,149.505604015093,272.055786132812,272.318969726562
1,1000,239.50560401509,292,110,149.505604015093,272.019104003906,272.293182373047
1,1000,239.50560401509,292,120,149.505604015093,271.951049804688,272.231201171875
1,1000,239.50560401509,292,130,149.505604015093,271.888153076172,272.168395996094
1,1000,239.50560401509,292,140,149.505604015093,271.827117919922,272.107971191406
1,1000,239.50560401509,292,150,149.505604015093,271.823516845703,272.105773925781
1,1000,239.50560401509,292,160,149.505604015093,271.793395996094,272.067138671875
1,1000,239.50560401509,292,170,149.505604015093,271.800079345703,272.062377929688
1,1000,239.50560401509,292,180,149.505604015093,271.839721679688,272.083404541016
1,1000,239.50560401509,292,190,149.505604015093,271.886779785156,272.128692626953
1,1000,239.50560401509,292,200,149.505604015093,271.923217773438,272.159515380859
1,1000,239.50560401509,292,210,149.505604015093,271.961547851562,272.191223144531
1,1000,239.50560401509,292,220,149.505604015093,272.004943847656,272.224334716797
1,1000,239.50560401509,292,230,149.505604015093,272.059814453125,272.257049560547
1,1000,239.50560401509,292,240,149.505604015093,272.124267578125,272.301666259766
1,1000,239.50560401509,292,250,149.505604015093,272.217224121094,272.375305175781
1,1000,239.50560401509,292,260,149.505604015093,272.309265136719,272.458618164062
1,1000,239.50560401509,292,270,149.505604015093,272.513671875,272.6474609375
1,1000,239.50560401509,292,280,149.505604015093,272.785400390625,272.912872314453
1,1000,239.50560401509,292,290,149.505604015093,272.835662841797,272.966339111328
1,1050,237.759118398838,305,0,147.759118398844,273.407470703125,273.492706298828
1,1050,237.759118398838,305,10,147.759118398844,273.160186767578,273.245422363281
1,1050,237.759118398838,305,20,147.759118398844,272.741485595703,272.851196289062
1,1050,237.759118398838,305,30,147.759118398844,272.356536865234,272.50732421875
1,1050,237.759118398838,305,40,147.759118398844,272.241973876953,272.399017333984
1,1050,237.759118398838,305,50,147.759118398844,272.205200195312,272.366668701172
1,1050,237.759118398838,305,60,147.759118398844,272.119415283203,272.290405273438
1,1050,237.759118398838,305,70,147.759118398844,272.0146484375,272.19775390625
1,1050,237.759118398838,305,80,147.759118398844,271.916961669922,272.109039306641
1,1050,237.759118398838,305,90,147.759118398844,271.882385253906,272.085205078125
1,1050,237.759118398838,305,100,147.759118398844,271.790069580078,272.013824462891
1,1050,237.759118398838,305,110,147.759118398844,271.684020996094,271.943054199219
1,1050,237.759118398838,305,120,147.759118398844,271.655639648438,271.93408203125
1,1050,237.759118398838,305,130,147.759118398844,271.568450927734,271.872680664062
1,1050,237.759118398838,305,140,147.759118398844,271.523010253906,271.786163330078
1,1050,237.759118398838,305,150,147.759118398844,271.552795410156,271.778961181641
1,1050,237.759118398838,305,160,147.759118398844,271.537078857422,271.722991943359
1,1050,237.759118398838,305,170,147.759118398844,271.530395507812,271.687469482422
1,1050,237.759118398838,305,180,147.759118398844,271.61572265625,271.785430908203
1,1050,237.759118398838,305,190,147.759118398844,271.624481201172,271.781585693359
1,1050,237.759118398838,305,200,147.759118398844,271.637573242188,271.789733886719
1,1050,237.759118398838,305,210,147.759118398844,271.663879394531,271.81005859375
1,1050,237.759118398838,305,220,147.759118398844,271.714752197266,271.85888671875
1,1050,237.759118398838,305,230,147.759118398844,271.763610839844,271.890289306641
1,1050,237.759118398838,305,240,147.759118398844,271.818634033203,271.929016113281
1,1050,237.759118398838,305,250,147.759118398844,271.876983642578,271.988433837891
1,1050,237.759118398838,305,260,147.759118398844,271.948272705078,272.051361083984
1,1050,237.759118398838,305,270,147.759118398844,272.053009033203,272.151794433594
1,1050,237.759118398838,305,280,147.759118398844,272.177703857422,272.281188964844
1,1050,237.759118398838,305,290,147.759118398844,272.430389404297,272.530456542969
1,1050,237.759118398838,305,300,147.759118398844,272.757995605469,272.846099853516
1,1100,236.599812782549,310,0,146.599812782552,272.846649169922,272.952728271484
1,1100,236.599812782549,310,10,146.599812782552,272.781066894531,272.87939453125
1,1100,236.599812782549,310,20,146.599812782552,272.354461669922,272.460754394531
1,1100,236.599812782549,310,30,146.599812782552,272.153228759766,272.275848388672
1,1100,236.599812782549,310,40,146.599812782552,271.972076416016,272.119201660156
1,1100,236.599812782549,310,50,146.599812782552,271.866668701172,272.023742675781
1,1100,236.599812782549,310,60,146.599812782552,271.830718994141,271.996765136719
1,1100,236.599812782549,310,70,146.599812782552,271.750823974609,271.930694580078
1,1100,236.599812782549,310,80,146.599812782552,271.682006835938,271.878326416016
1,1100,236.599812782549,310,90,146.599812782552,271.655944824219,271.858337402344
1,1100,236.599812782549,310,100,146.599812782552,271.582733154297,271.804901123047
1,1100,236.599812782549,310,110,146.599812782552,271.478942871094,271.740295410156
1,1100,236.599812782549,310,120,146.599812782552,271.437377929688,271.718505859375
1,1100,236.599812782549,310,130,146.599812782552,271.344879150391,271.655487060547
1,1100,236.599812782549,310,140,146.599812782552,271.383422851562,271.609649658203
1,1100,236.599812782549,310,150,146.599812782552,271.399841308594,271.599853515625
1,1100,236.599812782549,310,160,146.599812782552,271.386962890625,271.553070068359
1,1100,236.599812782549,310,170,146.599812782552,271.367004394531,271.504943847656
1,1100,236.599812782549,310,180,146.599812782552,271.374938964844,271.502349853516
1,1100,236.599812782549,310,190,146.599812782552,271.353363037109,271.461517333984
1,1100,236.599812782549,310,200,146.599812782552,271.332000732422,271.431854248047
1,1100,236.599812782549,310,210,146.599812782552,271.347351074219,271.446044921875
1,1100,236.599812782549,310,220,146.599812782552,271.330871582031,271.417541503906
1,1100,236.599812782549,310,230,146.599812782552,271.333129882812,271.412689208984
1,1100,236.599812782549,310,240,146.599812782552,271.464019775391,271.557220458984
1,1100,236.599812782549,310,250,146.599812782552,271.493469238281,271.579467773438
1,1100,236.599812782549,310,260,146.599812782552,271.537292480469,271.616516113281
1,1100,236.599812782549,310,270,146.599812782552,271.617523193359,271.700042724609
1,1100,236.599812782549,310,280,146.599812782552,271.715728759766,271.796875
1,1100,236.599812782549,310,290,146.599812782552,271.883911132812,271.959777832031
1,1100,236.599812782549,310,300,146.599812782552,272.100341796875,272.184997558594
1,1150,243.672581511185,308,0,153.672581511184,272.594390869141,272.705810546875
1,1150,243.672581511185,308,10,153.672581511184,272.379913330078,272.496032714844
1,1150,243.672581511185,308,20,153.672581511184,272.114593505859,272.241973876953
1,1150,243.672581511185,308,30,153.672581511184,271.999542236328,272.132751464844
1,1150,243.672581511185,308,40,153.672581511184,271.845825195312,271.991394042969
1,1150,243.672581511185,308,50,153.672581511184,271.734039306641,271.890289306641
1,1150,243.672581511185,308,60,153.672581511184,271.634033203125,271.796966552734
1,1150,243.672581511185,308,70,153.672581511184,271.594512939453,271.764709472656
1,1150,243.672581511185,308,80,153.672581511184,271.514221191406,271.694000244141
1,1150,243.672581511185,308,90,153.672581511184,271.436218261719,271.627227783203
1,1150,243.672581511185,308,100,153.672581511184,271.355010986328,271.562896728516
1,1150,243.672581511185,308,110,153.672581511184,271.271087646484,271.5068359375
1,1150,243.672581511185,308,120,153.672581511184,271.24755859375,271.500427246094
1,1150,243.672581511185,308,130,153.672581511184,271.182373046875,271.457489013672
1,1150,243.672581511185,308,140,153.672581511184,271.139465332031,271.416137695312
1,1150,243.672581511185,308,150,153.672581511184,271.059020996094,271.350708007812
1,1150,243.672581511185,308,160,153.672581511184,271.083282470703,271.297821044922
1,1150,243.672581511185,308,170,153.672581511184,271.106262207031,271.289306640625
1,1150,243.672581511185,308,180,153.672581511184,271.076965332031,271.218902587891
1,1150,243.672581511185,308,190,153.672581511184,271.003601074219,271.107421875
1,1150,243.672581511185,308,200,153.672581511184,270.866302490234,270.984497070312
1,1150,243.672581511185,308,210,153.672581511184,270.948852539062,271.037139892578
1,1150,243.672581511185,308,220,153.672581511184,270.869842529297,270.950866699219
1,1150,243.672581511185,308,230,153.672581511184,270.894195556641,270.957244873047
1,1150,243.672581511185,308,240,153.672581511184,271.012237548828,271.09521484375
1,1150,243.672581511185,308,250,153.672581511184,271.058837890625,271.145477294922
1,1150,243.672581511185,308,260,153.672581511184,271.143218994141,271.230194091797
1,1150,243.672581511185,308,270,153.672581511184,271.195922851562,271.277069091797
1,1150,243.672581511185,308,280,153.672581511184,271.332122802734,271.412414550781
1,1150,243.672581511185,308,290,153.672581511184,271.518035888672,271.599304199219
1,1150,243.672581511185,308,300,153.672581511184,271.734222412109,271.818878173828
1,1200,249.83225875648,290,0,159.832258756477,273.112884521484,273.191192626953
1,1200,249.83225875648,290,10,159.832258756477,274.017852783203,274.04443359375
1,1200,249.83225875648,290,20,159.832258756477,271.741058349609,271.907562255859
1,1200,249.83225875648,290,30,159.832258756477,271.645751953125,271.770416259766
1,1200,249.83225875648,290,40,159.832258756477,271.671691894531,271.767822265625
1,1200,249.83225875648,290,50,159.832258756477,271.538421630859,271.661529541016
1,1200,249.83225875648,290,60,159.832258756477,271.455535888672,271.60498046875
1,1200,249.83225875648,290,70,159.832258756477,271.426696777344,271.579711914062
1,1200,249.83225875648,290,80,159.832258756477,271.346008300781,271.51171875
1,1200,249.83225875648,290,90,159.832258756477,271.254333496094,271.443298339844
1,1200,249.83225875648,290,100,159.832258756477,271.156127929688,271.376800537109
1,1200,249.83225875648,290,110,159.832258756477,271.048034667969,271.301208496094
1,1200,249.83225875648,290,120,159.832258756477,270.959686279297,271.236022949219
1,1200,249.83225875648,290,130,159.832258756477,270.895690917969,271.181335449219
1,1200,249.83225875648,290,140,159.832258756477,270.842315673828,271.136047363281
1,1200,249.83225875648,290,150,159.832258756477,270.801635742188,271.086303710938
1,1200,249.83225875648,290,160,159.832258756477,270.774383544922,271.037109375
1,1200,249.83225875648,290,170,159.832258756477,270.676574707031,270.928070068359
1,1200,249.83225875648,290,180,159.832258756477,270.676910400391,270.878814697266
1,1200,249.83225875648,290,190,159.832258756477,270.689727783203,270.846130371094
1,1200,249.83225875648,290,200,159.832258756477,270.642883300781,270.721557617188
1,1200,249.83225875648,290,210,159.832258756477,270.657379150391,270.700042724609
1,1200,249.83225875648,290,220,159.832258756477,270.687225341797,270.724761962891
1,1200,249.83225875648,290,230,159.832258756477,270.569671630859,270.594848632812
1,1200,249.83225875648,290,240,159.832258756477,270.533447265625,270.561706542969
1,1200,249.83225875648,290,250,159.832258756477,270.504119873047,270.5234375
1,1200,249.83225875648,290,260,159.832258756477,270.637054443359,270.677429199219
1,1200,249.83225875648,290,270,159.832258756477,270.856628417969,270.903594970703
1,1200,249.83225875648,290,280,159.832258756477,272.456359863281,272.493408203125
1,1250,244.890004780815,260,0,154.890004780817,271.921905517578,272.054534912109
1,1250,244.890004780815,260,10,154.890004780817,271.873931884766,272.006927490234
1,1250,244.890004780815,260,20,154.890004780817,271.755432128906,271.895080566406
1,1250,244.890004780815,260,30,154.890004780817,271.610870361328,271.763732910156
1,1250,244.890004780815,260,40,154.890004780817,271.525604248047,271.687286376953
1,1250,244.890004780815,260,50,154.890004780817,271.387451171875,271.571807861328
1,1250,244.890004780815,260,60,154.890004780817,271.251403808594,271.464233398438
1,1250,244.890004780815,260,70,154.890004780817,271.115997314453,271.369964599609
1,1250,244.890004780815,260,80,154.890004780817,270.966674804688,271.259765625
1,1250,244.890004780815,260,90,154.890004780817,270.904510498047,271.204620361328
1,1250,244.890004780815,260,100,154.890004780817,270.782409667969,271.101867675781
1,1250,244.890004780815,260,110,154.890004780817,270.683074951172,271.006866455078
1,1250,244.890004780815,260,120,154.890004780817,270.607635498047,270.924743652344
1,1250,244.890004780815,260,130,154.890004780817,270.485443115234,270.810546875
1,1250,244.890004780815,260,140,154.890004780817,270.49267578125,270.800323486328
1,1250,244.890004780815,260,150,154.890004780817,270.439331054688,270.737854003906
1,1250,244.890004780815,260,160,154.890004780817,270.385314941406,270.665588378906
1,1250,244.890004780815,260,170,154.890004780817,270.334045410156,270.579925537109
1,1250,244.890004780815,260,180,154.890004780817,270.305633544922,270.486602783203
1,1250,244.890004780815,260,190,154.890004780817,270.272216796875,270.393707275391
1,1250,244.890004780815,260,200,154.890004780817,270.206817626953,270.308074951172
1,1250,244.890004780815,260,210,154.890004780817,270.140686035156,270.212219238281
1,1250,244.890004780815,260,220,154.890004780817,270.099945068359,270.15283203125
1,1250,244.890004780815,260,230,154.890004780817,270.143737792969,270.166168212891
1,1250,244.890004780815,260,240,154.890004780817,270.373291015625,270.430816650391
1,1250,244.890004780815,260,250,154.890004780817,271.322174072266,271.358306884766
1,1250,244.890004780815,260,260,154.890004780817,272.422210693359,272.447235107422
1,1300,238.531211627277,249,0,148.531211627277,271.619140625,271.769378662109
1,1300,238.531211627277,249,10,148.531211627277,271.549438476562,271.706573486328
1,1300,238.531211627277,249,20,148.531211627277,271.405883789062,271.579071044922
1,1300,238.531211627277,249,30,148.531211627277,271.318756103516,271.505981445312
1,1300,238.531211627277,249,40,148.531211627277,271.150909423828,271.368804931641
1,1300,238.531211627277,249,50,148.531211627277,270.989532470703,271.244689941406
1,1300,238.531211627277,249,60,148.531211627277,270.91357421875,271.186309814453
1,1300,238.531211627277,249,70,148.531211627277,270.764434814453,271.068695068359
1,1300,238.531211627277,249,80,148.531211627277,270.620086669922,270.947570800781
1,1300,238.531211627277,249,90,148.531211627277,270.474243164062,270.818634033203
1,1300,238.531211627277,249,100,148.531211627277,270.429748535156,270.767303466797
1,1300,238.531211627277,249,110,148.531211627277,270.325531005859,270.655883789062
1,1300,238.531211627277,249,120,148.531211627277,270.246398925781,270.575744628906
1,1300,238.531211627277,249,130,148.531211627277,270.249420166016,270.572296142578
1,1300,238.531211627277,249,140,148.531211627277,270.187469482422,270.517486572266
1,1300,238.531211627277,249,150,148.531211627277,270.116790771484,270.4619140625
1,1300,238.531211627277,249,160,148.531211627277,270.133270263672,270.445556640625
1,1300,238.531211627277,249,170,148.531211627277,270.104644775391,270.343536376953
1,1300,238.531211627277,249,180,148.531211627277,270.02197265625,270.19873046875
1,1300,238.531211627277,249,190,148.531211627277,270.083312988281,270.205413818359
1,1300,238.531211627277,249,200,148.531211627277,270.085968017578,270.183929443359
1,1300,238.531211627277,249,210,148.531211627277,269.991882324219,270.042633056641
1,1300,238.531211627277,249,220,148.531211627277,269.936950683594,269.960845947266
1,1300,238.531211627277,249,230,148.531211627277,269.873718261719,269.903533935547
1,1300,238.531211627277,249,240,148.531211627277,272.492553710938,272.505493164062
1,1350,239.49383530159,246,0,149.49383530158,271.486785888672,271.624664306641
1,1350,239.49383530159,246,10,149.49383530158,271.510681152344,271.647613525391
1,1350,239.49383530159,246,20,149.49383530158,271.216278076172,271.373107910156
1,1350,239.49383530159,246,30,149.49383530158,271.093688964844,271.264404296875
1,1350,239.49383530159,246,40,149.49383530158,270.861999511719,271.060882568359
1,1350,239.49383530159,246,50,149.49383530158,270.673858642578,270.899597167969
1,1350,239.49383530159,246,60,149.49383530158,270.513275146484,270.762756347656
1,1350,239.49383530159,246,70,149.49383530158,270.457183837891,270.724639892578
1,1350,239.49383530159,246,80,149.49383530158,270.334838867188,270.617248535156
1,1350,239.49383530159,246,90,149.49383530158,270.233123779297,270.523712158203
1,1350,239.49383530159,246,100,149.49383530158,270.212371826172,270.500427246094
1,1350,239.49383530159,246,110,149.49383530158,270.152008056641,270.427490234375
1,1350,239.49383530159,246,120,149.49383530158,270.113433837891,270.371246337891
1,1350,239.49383530159,246,130,149.49383530158,270.097229003906,270.317596435547
1,1350,239.49383530159,246,140,149.49383530158,270.116027832031,270.310180664062
1,1350,239.49383530159,246,150,149.49383530158,270.099243164062,270.252197265625
1,1350,239.49383530159,246,160,149.49383530158,270.054260253906,270.186706542969
1,1350,239.49383530159,246,170,149.49383530158,269.995239257812,270.109802246094
1,1350,239.49383530159,246,180,149.49383530158,270.016723632812,270.120971679688
1,1350,239.49383530159,246,190,149.49383530158,269.989990234375,270.064880371094
1,1350,239.49383530159,246,200,149.49383530158,269.989501953125,270.054016113281
1,1350,239.49383530159,246,210,149.49383530158,270.035125732422,270.094329833984
1,1350,239.49383530159,246,220,149.49383530158,270.199768066406,270.255523681641
1,1350,239.49383530159,246,230,149.49383530158,270.706390380859,270.752960205078
1,1350,239.49383530159,246,240,149.49383530158,271.237823486328,271.286560058594
1,1400,239.25695663202,259,0,149.256956632014,271.2138671875,271.363311767578
1,1400,239.25695663202,259,10,149.256956632014,271.163330078125,271.320953369141
1,1400,239.25695663202,259,20,149.256956632014,270.935882568359,271.117065429688
1,1400,239.25695663202,259,30,149.256956632014,270.685028076172,270.896820068359
1,1400,239.25695663202,259,40,149.256956632014,270.583679199219,270.802062988281
1,1400,239.25695663202,259,50,149.256956632014,270.405456542969,270.646118164062
1,1400,239.25695663202,259,60,149.256956632014,270.28173828125,270.525207519531
1,1400,239.25695663202,259,70,149.256956632014,270.239379882812,270.471496582031
1,1400,239.25695663202,259,80,149.256956632014,270.153503417969,270.379516601562
1,1400,239.25695663202,259,90,149.256956632014,270.074920654297,270.293029785156
1,1400,239.25695663202,259,100,149.256956632014,270.003112792969,270.207794189453
1,1400,239.25695663202,259,110,149.256956632014,269.982696533203,270.184661865234
1,1400,239.25695663202,259,120,149.256956632014,269.921020507812,270.120910644531
1,1400,239.25695663202,259,130,149.256956632014,269.849822998047,270.111663818359
1,1400,239.25695663202,259,140,149.256956632014,269.907775878906,270.1650390625
1,1400,239.25695663202,259,150,149.256956632014,269.887237548828,270.089630126953
1,1400,239.25695663202,259,160,149.256956632014,269.876647949219,270.01904296875
1,1400,239.25695663202,259,170,149.256956632014,269.882080078125,269.990417480469
1,1400,239.25695663202,259,180,149.256956632014,269.924041748047,270.024139404297
1,1400,239.25695663202,259,190,149.256956632014,269.959411621094,270.038024902344
1,1400,239.25695663202,259,200,149.256956632014,269.991821289062,270.054565429688
1,1400,239.25695663202,259,210,149.256956632014,270.031158447266,270.099365234375
1,1400,239.25695663202,259,220,149.256956632014,270.049530029297,270.094024658203
1,1400,239.25695663202,259,230,149.256956632014,270.163238525391,270.222503662109
1,1400,239.25695663202,259,240,149.256956632014,270.463592529297,270.514251708984
1,1400,239.25695663202,259,250,149.256956632014,271.453521728516,271.466400146484
1,1450,241.695842988587,279,0,151.695842988587,271.789764404297,271.881622314453
1,1450,241.695842988587,279,10,151.695842988587,271.479919433594,271.604919433594
1,1450,241.695842988587,279,20,151.695842988587,270.932403564453,271.115356445312
1,1450,241.695842988587,279,30,151.695842988587,270.581787109375,270.816741943359
1,1450,241.695842988587,279,40,151.695842988587,270.453277587891,270.71875
1,1450,241.695842988587,279,50,151.695842988587,270.280700683594,270.534088134766
1,1450,241.695842988587,279,60,151.695842988587,270.152557373047,270.403472900391
1,1450,241.695842988587,279,70,151.695842988587,270.068511962891,270.291534423828
1,1450,241.695842988587,279,80,151.695842988587,269.995941162109,270.187835693359
1,1450,241.695842988587,279,90,151.695842988587,269.963104248047,270.147399902344
1,1450,241.695842988587,279,100,151.695842988587,269.885437011719,270.051391601562
1,1450,241.695842988587,279,110,151.695842988587,269.804534912109,269.958343505859
1,1450,241.695842988587,279,120,151.695842988587,269.722991943359,269.868225097656
1,1450,241.695842988587,279,130,151.695842988587,269.705535888672,269.852996826172
1,1450,241.695842988587,279,140,151.695842988587,269.642608642578,269.787719726562
1,1450,241.695842988587,279,150,151.695842988587,269.596588134766,269.750823974609
1,1450,241.695842988587,279,160,151.695842988587,269.567291259766,269.721099853516
1,1450,241.695842988587,279,170,151.695842988587,269.597686767578,269.737335205078
1,1450,241.695842988587,279,180,151.695842988587,269.597564697266,269.720123291016
1,1450,241.695842988587,279,190,151.695842988587,269.610443115234,269.731964111328
1,1450,241.695842988587,279,200,151.695842988587,269.660247802734,269.769989013672
1,1450,241.695842988587,279,210,151.695842988587,269.690368652344,269.790161132812
1,1450,241.695842988587,279,220,151.695842988587,269.768615722656,269.850219726562
1,1450,241.695842988587,279,230,151.695842988587,269.854705810547,269.943389892578
1,1450,241.695842988587,279,240,151.695842988587,269.956756591797,270.045440673828
1,1450,241.695842988587,279,250,151.695842988587,269.989990234375,270.080596923828
1,1450,241.695842988587,279,260,151.695842988587,270.135314941406,270.217895507812
1,1450,241.695842988587,279,270,151.695842988587,270.224670410156,270.308502197266
1,1500,234.432823872878,295,0,144.432823872876,270.4833984375,270.625549316406
1,1500,234.432823872878,295,10,144.432823872876,270.373229980469,270.523620605469
1,1500,234.432823872878,295,20,144.432823872876,270.310821533203,270.467712402344
1,1500,234.432823872878,295,30,144.432823872876,270.171173095703,270.334014892578
1,1500,234.432823872878,295,40,144.432823872876,270.056854248047,270.218353271484
1,1500,234.432823872878,295,50,144.432823872876,270.012237548828,270.174255371094
1,1500,234.432823872878,295,60,144.432823872876,269.920288085938,270.072998046875
1,1500,234.432823872878,295,70,144.432823872876,269.878479003906,270.026275634766
1,1500,234.432823872878,295,80,144.432823872876,269.787231445312,269.926788330078
1,1500,234.432823872878,295,90,144.432823872876,269.689239501953,269.822052001953
1,1500,234.432823872878,295,100,144.432823872876,269.643920898438,269.774749755859
1,1500,234.432823872878,295,110,144.432823872876,269.560119628906,269.690551757812
1,1500,234.432823872878,295,120,144.432823872876,269.461456298828,269.592376708984
1,1500,234.432823872878,295,130,144.432823872876,269.4345703125,269.567077636719
1,1500,234.432823872878,295,140,144.432823872876,269.353820800781,269.487335205078
1,1500,234.432823872878,295,150,144.432823872876,269.352813720703,269.491668701172
1,1500,234.432823872878,295,160,144.432823872876,269.307891845703,269.460754394531
1,1500,234.432823872878,295,170,144.432823872876,269.331787109375,269.517578125
1,1500,234.432823872878,295,180,144.432823872876,269.340759277344,269.53955078125
1,1500,234.432823872878,295,190,144.432823872876,269.292205810547,269.527526855469
1,1500,234.432823872878,295,200,144.432823872876,269.230651855469,269.505218505859
1,1500,234.432823872878,295,210,144.432823872876,269.233734130859,269.491088867188
1,1500,234.432823872878,295,220,144.432823872876,269.153198242188,269.422180175781
1,1500,234.432823872878,295,230,144.432823872876,269.353302001953,269.587677001953
1,1500,234.432823872878,295,240,144.432823872876,269.507202148438,269.649078369141
1,1500,234.432823872878,295,250,144.432823872876,269.583435058594,269.657379150391
1,1500,234.432823872878,295,260,144.432823872876,269.606262207031,269.646209716797
1,1500,234.432823872878,295,270,144.432823872876,269.725524902344,269.781005859375
1,1500,234.432823872878,295,280,144.432823872876,270.120178222656,270.194976806641
1,1500,234.432823872878,295,290,144.432823872876,270.603637695312,270.67578125
1,1550,228.518314374479,334,0,138.518314374483,270.415374755859,270.536712646484
1,1550,228.518314374479,334,10,138.518314374483,270.345367431641,270.467987060547
1,1550,228.518314374479,334,20,138.518314374483,270.237762451172,270.365081787109
1,1550,228.518314374479,334,30,138.518314374483,270.024871826172,270.155029296875
1,1550,228.518314374479,334,40,138.518314374483,269.927429199219,270.064910888672
1,1550,228.518314374479,334,50,138.518314374483,269.79736328125,269.929290771484
1,1550,228.518314374479,334,60,138.518314374483,269.744659423828,269.875213623047
1,1550,228.518314374479,334,70,138.518314374483,269.653930664062,269.781066894531
1,1550,228.518314374479,334,80,138.518314374483,269.610046386719,269.7353515625
1,1550,228.518314374479,334,90,138.518314374483,269.515106201172,269.634216308594
1,1550,228.518314374479,334,100,138.518314374483,269.470947265625,269.592895507812
1,1550,228.518314374479,334,110,138.518314374483,269.372039794922,269.493896484375
1,1550,228.518314374479,334,120,138.518314374483,269.324523925781,269.448883056641
1,1550,228.518314374479,334,130,138.518314374483,269.221832275391,269.348907470703
1,1550,228.518314374479,334,140,138.518314374483,269.201934814453,269.335845947266
1,1550,228.518314374479,334,150,138.518314374483,269.118804931641,269.260284423828
1,1550,228.518314374479,334,160,138.518314374483,269.102447509766,269.253173828125
1,1550,228.518314374479,334,170,138.518314374483,269.094543457031,269.265197753906
1,1550,228.518314374479,334,180,138.518314374483,269.097930908203,269.281524658203
1,1550,228.518314374479,334,190,138.518314374483,269.051391601562,269.266784667969
1,1550,228.518314374479,334,200,138.518314374483,269.108428955078,269.332000732422
1,1550,228.518314374479,334,210,138.518314374483,269.058441162109,269.302062988281
1,1550,228.518314374479,334,220,138.518314374483,269.066162109375,269.306274414062
1,1550,228.518314374479,334,230,138.518314374483,269.101684570312,269.320953369141
1,1550,228.518314374479,334,240,138.518314374483,269.129211425781,269.331756591797
1,1550,228.518314374479,334,250,138.518314374483,269.126525878906,269.298004150391
1,1550,228.518314374479,334,260,138.518314374483,269.251556396484,269.391815185547
1,1550,228.518314374479,334,270,138.518314374483,269.220733642578,269.332214355469
1,1550,228.518314374479,334,280,138.518314374483,269.232513427734,269.328308105469
1,1550,228.518314374479,334,290,138.518314374483,269.307830810547,269.374877929688
1,1550,228.518314374479,334,300,138.518314374483,269.375854492188,269.434661865234
1,1550,228.518314374479,334,310,138.518314374483,269.536987304688,269.583648681641
1,1550,228.518314374479,334,320,138.518314374483,270.053802490234,270.117523193359
1,1550,228.518314374479,334,330,138.518314374483,270.530181884766,270.578674316406
1,1600,214.701608488814,354,0,124.701608488828,270.45068359375,270.544067382812
1,1600,214.701608488814,354,10,124.701608488828,270.390167236328,270.491424560547
1,1600,214.701608488814,354,20,124.701608488828,270.220306396484,270.334503173828
1,1600,214.701608488814,354,30,124.701608488828,269.791046142578,269.947479248047
1,1600,214.701608488814,354,40,124.701608488828,269.477478027344,269.625854492188
1,1600,214.701608488814,354,50,124.701608488828,269.316955566406,269.505401611328
1,1600,214.701608488814,354,60,124.701608488828,269.309020996094,269.4501953125
1,1600,214.701608488814,354,70,124.701608488828,269.342254638672,269.422607421875
1,1600,214.701608488814,354,80,124.701608488828,269.363006591797,269.440277099609
1,1600,214.701608488814,354,90,124.701608488828,269.301940917969,269.351623535156
1,1600,214.701608488814,354,100,124.701608488828,269.270141601562,269.351135253906
1,1600,214.701608488814,354,110,124.701608488828,269.239074707031,269.338958740234
1,1600,214.701608488814,354,120,124.701608488828,269.206268310547,269.305053710938
1,1600,214.701608488814,354,130,124.701608488828,269.176971435547,269.290496826172
1,1600,214.701608488814,354,140,124.701608488828,269.142791748047,269.276672363281
1,1600,214.701608488814,354,150,124.701608488828,269.112457275391,269.254516601562
1,1600,214.701608488814,354,160,124.701608488828,269.052642822266,269.205596923828
1,1600,214.701608488814,354,170,124.701608488828,269.020111083984,269.178039550781
1,1600,214.701608488814,354,180,124.701608488828,268.986450195312,269.156524658203
1,1600,214.701608488814,354,190,124.701608488828,268.965423583984,269.151489257812
1,1600,214.701608488814,354,200,124.701608488828,268.946197509766,269.144897460938
1,1600,214.701608488814,354,210,124.701608488828,268.951263427734,269.165161132812
1,1600,214.701608488814,354,220,124.701608488828,268.963806152344,269.188446044922
1,1600,214.701608488814,354,230,124.701608488828,268.94775390625,269.173004150391
1,1600,214.701608488814,354,240,124.701608488828,268.984497070312,269.203857421875
1,1600,214.701608488814,354,250,124.701608488828,269.026123046875,269.233459472656
1,1600,214.701608488814,354,260,124.701608488828,269.052185058594,269.247009277344
1,1600,214.701608488814,354,270,124.701608488828,269.111602783203,269.282501220703
1,1600,214.701608488814,354,280,124.701608488828,269.168243408203,269.311370849609
1,1600,214.701608488814,354,290,124.701608488828,269.195373535156,269.326171875
1,1600,214.701608488814,354,300,124.701608488828,269.266662597656,269.376007080078
1,1600,214.701608488814,354,310,124.701608488828,269.338623046875,269.423583984375
1,1600,214.701608488814,354,320,124.701608488828,269.435150146484,269.517364501953
1,1600,214.701608488814,354,330,124.701608488828,269.712921142578,269.785064697266
1,1600,214.701608488814,354,340,124.701608488828,270.265777587891,270.318328857422
1,1600,214.701608488814,354,350,124.701608488828,270.386474609375,270.444366455078
1,1650,225.389073301308,349,0,135.389073301296,269.915588378906,270.053894042969
1,1650,225.389073301308,349,10,135.389073301296,269.915313720703,270.054412841797
1,1650,225.389073301308,349,20,135.389073301296,269.765655517578,269.919250488281
1,1650,225.389073301308,349,30,135.389073301296,269.686676025391,269.847747802734
1,1650,225.389073301308,349,40,135.389073301296,269.538513183594,269.714965820312
1,1650,225.389073301308,349,50,135.389073301296,269.475769042969,269.660034179688
1,1650,225.389073301308,349,60,135.389073301296,269.406127929688,269.590393066406
1,1650,225.389073301308,349,70,135.389073301296,269.324859619141,269.530548095703
1,1650,225.389073301308,349,80,135.389073301296,269.282836914062,269.494079589844
1,1650,225.389073301308,349,90,135.389073301296,269.206146240234,269.425262451172
1,1650,225.389073301308,349,100,135.389073301296,269.170989990234,269.392303466797
1,1650,225.389073301308,349,110,135.389073301296,269.106903076172,269.328308105469
1,1650,225.389073301308,349,120,135.389073301296,269.077850341797,269.295227050781
1,1650,225.389073301308,349,130,135.389073301296,269.058898925781,269.250427246094
1,1650,225.389073301308,349,140,135.389073301296,268.996398925781,269.186309814453
1,1650,225.389073301308,349,150,135.389073301296,268.969024658203,269.150848388672
1,1650,225.389073301308,349,160,135.389073301296,268.910766601562,269.083404541016
1,1650,225.389073301308,349,170,135.389073301296,268.878173828125,269.050262451172
1,1650,225.389073301308,349,180,135.389073301296,268.802062988281,268.982849121094
1,1650,225.389073301308,349,190,135.389073301296,268.759613037109,268.95263671875
1,1650,225.389073301308,349,200,135.389073301296,268.718353271484,268.929290771484
1,1650,225.389073301308,349,210,135.389073301296,268.652618408203,268.902435302734
1,1650,225.389073301308,349,220,135.389073301296,268.628753662109,268.898101806641
1,1650,225.389073301308,349,230,135.389073301296,268.596405029297,268.907440185547
1,1650,225.389073301308,349,240,135.389073301296,268.591033935547,268.920867919922
1,1650,225.389073301308,349,250,135.389073301296,268.512542724609,268.910400390625
1,1650,225.389073301308,349,260,135.389073301296,268.62353515625,268.986541748047
1,1650,225.389073301308,349,270,135.389073301296,268.646392822266,269.013458251953
1,1650,225.389073301308,349,280,135.389073301296,268.712493896484,269.043853759766
1,1650,225.389073301308,349,290,135.389073301296,268.753814697266,269.045623779297
1,1650,225.389073301308,349,300,135.389073301296,268.713714599609,268.962249755859
1,1650,225.389073301308,349,310,135.389073301296,268.945190429688,269.150939941406
1,1650,225.389073301308,349,320,135.389073301296,269.041229248047,269.159851074219
1,1650,225.389073301308,349,330,135.389073301296,269.671661376953,269.787628173828
1,1650,225.389073301308,349,340,135.389073301296,270.813018798828,270.892517089844
1,1700,228.355166006771,344,0,138.355166006766,271.052093505859,271.152923583984
1,1700,228.355166006771,344,10,138.355166006766,271.494781494141,271.537322998047
1,1700,228.355166006771,344,20,138.355166006766,269.732971191406,270.019653320312
1,1700,228.355166006771,344,30,138.355166006766,269.498565673828,269.645172119141
1,1700,228.355166006771,344,40,138.355166006766,269.391265869141,269.495452880859
1,1700,228.355166006771,344,50,138.355166006766,269.333953857422,269.588439941406
1,1700,228.355166006771,344,60,138.355166006766,269.094757080078,269.557556152344
1,1700,228.355166006771,344,70,138.355166006766,269.114990234375,269.517944335938
1,1700,228.355166006771,344,80,138.355166006766,269.072448730469,269.476715087891
1,1700,228.355166006771,344,90,138.355166006766,268.996704101562,269.375396728516
1,1700,228.355166006771,344,100,138.355166006766,268.965179443359,269.324157714844
1,1700,228.355166006771,344,110,138.355166006766,268.942321777344,269.248291015625
1,1700,228.355166006771,344,120,138.355166006766,268.883636474609,269.194152832031
1,1700,228.355166006771,344,130,138.355166006766,268.842193603516,269.078155517578
1,1700,228.355166006771,344,140,138.355166006766,268.811340332031,269.022033691406
1,1700,228.355166006771,344,150,138.355166006766,268.752319335938,268.931884765625
1,1700,228.355166006771,344,160,138.355166006766,268.721740722656,268.8935546875
1,1700,228.355166006771,344,170,138.355166006766,268.644866943359,268.810180664062
1,1700,228.355166006771,344,180,138.355166006766,268.610656738281,268.780700683594
1,1700,228.355166006771,344,190,138.355166006766,268.567657470703,268.744750976562
1,1700,228.355166006771,344,200,138.355166006766,268.458251953125,268.655822753906
1,1700,228.355166006771,344,210,138.355166006766,268.46533203125,268.678649902344
1,1700,228.355166006771,344,220,138.355166006766,268.375030517578,268.605316162109
1,1700,228.355166006771,344,230,138.355166006766,268.376190185547,268.604522705078
1,1700,228.355166006771,344,240,138.355166006766,268.442199707031,268.632537841797
1,1700,228.355166006771,344,250,138.355166006766,268.480529785156,268.656555175781
1,1700,228.355166006771,344,260,138.355166006766,268.462036132812,268.623779296875
1,1700,228.355166006771,344,270,138.355166006766,268.549560546875,268.720275878906
1,1700,228.355166006771,344,280,138.355166006766,268.583557128906,268.766784667969
1,1700,228.355166006771,344,290,138.355166006766,268.591918945312,268.790649414062
1,1700,228.355166006771,344,300,138.355166006766,268.929840087891,269.008453369141
1,1700,228.355166006771,344,310,138.355166006766,269.011322021484,269.076385498047
1,1700,228.355166006771,344,320,138.355166006766,269.166778564453,269.2333984375
1,1700,228.355166006771,344,330,138.355166006766,269.590423583984,269.631530761719
1,1700,228.355166006771,344,340,138.355166006766,269.793365478516,269.845489501953
1,1750,221.487813830915,343,0,131.487813830913,271.403869628906,271.425567626953
1,1750,221.487813830915,343,10,131.487813830913,270.842224121094,270.889251708984
1,1750,221.487813830915,343,20,131.487813830913,270.576019287109,270.629089355469
1,1750,221.487813830915,343,30,131.487813830913,270.263275146484,270.326782226562
1,1750,221.487813830915,343,40,131.487813830913,270.148712158203,270.216979980469
1,1750,221.487813830915,343,50,131.487813830913,269.997375488281,270.097076416016
1,1750,221.487813830915,343,60,131.487813830913,269.907409667969,270.038024902344
1,1750,221.487813830915,343,70,131.487813830913,269.698791503906,269.873657226562
1,1750,221.487813830915,343,80,131.487813830913,269.566253662109,269.766418457031
1,1750,221.487813830915,343,90,131.487813830913,269.2705078125,269.497283935547
1,1750,221.487813830915,343,100,131.487813830913,269.127258300781,269.347198486328
1,1750,221.487813830915,343,110,131.487813830913,268.957397460938,269.159088134766
1,1750,221.487813830915,343,120,131.487813830913,268.759735107422,268.944793701172
1,1750,221.487813830915,343,130,131.487813830913,268.673889160156,268.845764160156
1,1750,221.487813830915,343,140,131.487813830913,268.609161376953,268.775421142578
1,1750,221.487813830915,343,150,131.487813830913,268.519226074219,268.673400878906
1,1750,221.487813830915,343,160,131.487813830913,268.485870361328,268.626708984375
1,1750,221.487813830915,343,170,131.487813830913,268.467803955078,268.5810546875
1,1750,221.487813830915,343,180,131.487813830913,268.374664306641,268.4306640625
1,1750,221.487813830915,343,190,131.487813830913,268.353118896484,268.448425292969
1,1750,221.487813830915,343,200,131.487813830913,268.318298339844,268.429382324219
1,1750,221.487813830915,343,210,131.487813830913,268.279327392578,268.403015136719
1,1750,221.487813830915,343,220,131.487813830913,268.281433105469,268.393218994141
1,1750,221.487813830915,343,230,131.487813830913,268.344696044922,268.443450927734
1,1750,221.487813830915,343,240,131.487813830913,268.362670898438,268.411987304688
1,1750,221.487813830915,343,250,131.487813830913,268.420532226562,268.494995117188
1,1750,221.487813830915,343,260,131.487813830913,268.444641113281,268.522857666016
1,1750,221.487813830915,343,270,131.487813830913,268.513153076172,268.593719482422
1,1750,221.487813830915,343,280,131.487813830913,268.559051513672,268.637451171875
1,1750,221.487813830915,343,290,131.487813830913,268.665802001953,268.746002197266
1,1750,221.487813830915,343,300,131.487813830913,268.728576660156,268.802581787109
1,1750,221.487813830915,343,310,131.487813830913,268.876159667969,268.93603515625
1,1750,221.487813830915,343,320,131.487813830913,268.958343505859,269.011077880859
1,1750,221.487813830915,343,330,131.487813830913,269.068756103516,269.118530273438
1,1750,221.487813830915,343,340,131.487813830913,269.162445068359,269.195861816406
1,1800,218.414550266145,336,0,128.414550266135,270.443389892578,270.495635986328
1,1800,218.414550266145,336,10,128.414550266135,270.747436523438,270.782928466797
1,1800,218.414550266145,336,20,128.414550266135,270.110565185547,270.195281982422
1,1800,218.414550266145,336,30,128.414550266135,270.076110839844,270.174530029297
1,1800,218.414550266145,336,40,128.414550266135,270.297454833984,270.372192382812
1,1800,218.414550266145,336,50,128.414550266135,270.228942871094,270.321716308594
1,1800,218.414550266145,336,60,128.414550266135,270.501556396484,270.559661865234
1,1800,218.414550266145,336,70,128.414550266135,270.356628417969,270.431884765625
1,1800,218.414550266145,336,80,128.414550266135,269.619689941406,269.777221679688
1,1800,218.414550266145,336,90,128.414550266135,269.289642333984,269.426666259766
1,1800,218.414550266145,336,100,128.414550266135,268.711395263672,268.846832275391
1,1800,218.414550266145,336,110,128.414550266135,268.563507080078,268.693359375
1,1800,218.414550266145,336,120,128.414550266135,268.456756591797,268.583251953125
1,1800,218.414550266145,336,130,128.414550266135,268.395538330078,268.525268554688
1,1800,218.414550266145,336,140,128.414550266135,268.238555908203,268.359375
1,1800,218.414550266145,336,150,128.414550266135,268.213836669922,268.331115722656
1,1800,218.414550266145,336,160,128.414550266135,268.159973144531,268.270446777344
1,1800,218.414550266145,336,170,128.414550266135,268.144317626953,268.249084472656
1,1800,218.414550266145,336,180,128.414550266135,268.057647705078,268.167266845703
1,1800,218.414550266145,336,190,128.414550266135,268.020416259766,268.135314941406
1,1800,218.414550266145,336,200,128.414550266135,268.038970947266,268.147521972656
1,1800,218.414550266145,336,210,128.414550266135,268.032073974609,268.131958007812
1,1800,218.414550266145,336,220,128.414550266135,268.051055908203,268.121002197266
1,1800,218.414550266145,336,230,128.414550266135,268.069763183594,268.126312255859
1,1800,218.414550266145,336,240,128.414550266135,268.143096923828,268.180480957031
1,1800,218.414550266145,336,250,128.414550266135,268.203369140625,268.23828125
1,1800,218.414550266145,336,260,128.414550266135,268.219635009766,268.259521484375
1,1800,218.414550266145,336,270,128.414550266135,268.321014404297,268.354339599609
1,1800,218.414550266145,336,280,128.414550266135,268.383117675781,268.408599853516
1,1800,218.414550266145,336,290,128.414550266135,268.530639648438,268.542388916016
1,1800,218.414550266145,336,300,128.414550266135,268.634582519531,268.631072998047
1,1800,218.414550266145,336,310,128.414550266135,268.917572021484,268.871429443359
1,1800,218.414550266145,336,320,128.414550266135,269.297668457031,269.236877441406
1,1800,218.414550266145,336,330,128.414550266135,269.467407226562,269.378723144531
1,1850,230.668621615285,340,0,140.668621615292,270.231719970703,270.2861328125
1,1850,230.668621615285,340,10,140.668621615292,270.170501708984,270.225708007812
1,1850,230.668621615285,340,20,140.668621615292,269.911499023438,269.976470947266
1,1850,230.668621615285,340,30,140.668621615292,269.741241455078,269.80859375
1,1850,230.668621615285,340,40,140.668621615292,269.637451171875,269.712463378906
1,1850,230.668621615285,340,50,140.668621615292,269.481475830078,269.561553955078
1,1850,230.668621615285,340,60,140.668621615292,269.354187011719,269.448364257812
1,1850,230.668621615285,340,70,140.668621615292,269.148895263672,269.246917724609
1,1850,230.668621615285,340,80,140.668621615292,269.024566650391,269.128051757812
1,1850,230.668621615285,340,90,140.668621615292,268.765441894531,268.877716064453
1,1850,230.668621615285,340,100,140.668621615292,268.644775390625,268.760833740234
1,1850,230.668621615285,340,110,140.668621615292,268.437164306641,268.555297851562
1,1850,230.668621615285,340,120,140.668621615292,268.34228515625,268.468536376953
1,1850,230.668621615285,340,130,140.668621615292,268.18310546875,268.324310302734
1,1850,230.668621615285,340,140,140.668621615292,268.036590576172,268.189056396484
1,1850,230.668621615285,340,150,140.668621615292,267.978454589844,268.137634277344
1,1850,230.668621615285,340,160,140.668621615292,267.830871582031,268.005920410156
1,1850,230.668621615285,340,170,140.668621615292,267.822021484375,267.988739013672
1,1850,230.668621615285,340,180,140.668621615292,267.692932128906,267.869720458984
1,1850,230.668621615285,340,190,140.668621615292,267.661193847656,267.835662841797
1,1850,230.668621615285,340,200,140.668621615292,267.633056640625,267.793334960938
1,1850,230.668621615285,340,210,140.668621615292,267.642822265625,267.787414550781
1,1850,230.668621615285,340,220,140.668621615292,267.612915039062,267.732788085938
1,1850,230.668621615285,340,230,140.668621615292,267.645050048828,267.749420166016
1,1850,230.668621615285,340,240,140.668621615292,267.710510253906,267.796295166016
1,1850,230.668621615285,340,250,140.668621615292,267.717193603516,267.791870117188
1,1850,230.668621615285,340,260,140.668621615292,267.764892578125,267.832366943359
1,1850,230.668621615285,340,270,140.668621615292,267.796630859375,267.852661132812
1,1850,230.668621615285,340,280,140.668621615292,267.940704345703,267.980377197266
1,1850,230.668621615285,340,290,140.668621615292,268.020294189453,268.044067382812
1,1850,230.668621615285,340,300,140.668621615292,268.110900878906,268.118591308594
1,1850,230.668621615285,340,310,140.668621615292,268.328369140625,268.291412353516
1,1850,230.668621615285,340,320,140.668621615292,268.458923339844,268.391021728516
1,1850,230.668621615285,340,330,140.668621615292,268.659729003906,268.577056884766
1,1900,229.654515380785,330,0,139.654515380787,269.31103515625,269.402526855469
1,1900,229.654515380785,330,10,139.654515380787,269.301422119141,269.392822265625
1,1900,229.654515380785,330,20,139.654515380787,269.200469970703,269.298034667969
1,1900,229.654515380785,330,30,139.654515380787,269.203765869141,269.303924560547
1,1900,229.654515380785,330,40,139.654515380787,269.077301025391,269.192932128906
1,1900,229.654515380785,330,50,139.654515380787,269.02978515625,269.1572265625
1,1900,229.654515380785,330,60,139.654515380787,268.875122070312,269.021423339844
1,1900,229.654515380785,330,70,139.654515380787,268.805572509766,268.986114501953
1,1900,229.654515380785,330,80,139.654515380787,268.577789306641,268.750091552734
1,1900,229.654515380785,330,90,139.654515380787,268.455718994141,268.619018554688
1,1900,229.654515380785,330,100,139.654515380787,268.189605712891,268.375366210938
1,1900,229.654515380785,330,110,139.654515380787,268.018981933594,268.252380371094
1,1900,229.654515380785,330,120,139.654515380787,267.815155029297,268.10107421875
1,1900,229.654515380785,330,130,139.654515380787,267.627777099609,267.939758300781
1,1900,229.654515380785,330,140,139.654515380787,267.505096435547,267.79052734375
1,1900,229.654515380785,330,150,139.654515380787,267.518859863281,267.773986816406
1,1900,229.654515380785,330,160,139.654515380787,267.353424072266,267.631286621094
1,1900,229.654515380785,330,170,139.654515380787,267.438781738281,267.689147949219
1,1900,229.654515380785,330,180,139.654515380787,267.343139648438,267.593109130859
1,1900,229.654515380785,330,190,139.654515380787,267.278900146484,267.513702392578
1,1900,229.654515380785,330,200,139.654515380787,267.385345458984,267.5927734375
1,1900,229.654515380785,330,210,139.654515380787,267.362243652344,267.563934326172
1,1900,229.654515380785,330,220,139.654515380787,267.392608642578,267.582641601562
1,1900,229.654515380785,330,230,139.654515380787,267.457275390625,267.6259765625
1,1900,229.654515380785,330,240,139.654515380787,267.491455078125,267.650634765625
1,1900,229.654515380785,330,250,139.654515380787,267.508422851562,267.665008544922
1,1900,229.654515380785,330,260,139.654515380787,267.550903320312,267.698669433594
1,1900,229.654515380785,330,270,139.654515380787,267.650634765625,267.779479980469
1,1900,229.654515380785,330,280,139.654515380787,267.709838867188,267.828521728516
1,1900,229.654515380785,330,290,139.654515380787,267.774475097656,267.887084960938
1,1900,229.654515380785,330,300,139.654515380787,267.926544189453,268.014434814453
1,1900,229.654515380785,330,310,139.654515380787,268.013580322266,268.095642089844
1,1900,229.654515380785,330,320,139.654515380787,268.094848632812,268.168212890625
1,1900,229.654515380785,330,330,139.654515380787,268.15234375,268.221801757812
1,1950,222.165459572357,316,0,132.165459572367,268.9248046875,268.986999511719
1,1950,222.165459572357,316,10,132.165459572367,268.897613525391,268.962097167969
1,1950,222.165459572357,316,20,132.165459572367,268.907958984375,268.968902587891
1,1950,222.165459572357,316,30,132.165459572367,268.758209228516,268.830749511719
1,1950,222.165459572357,316,40,132.165459572367,268.778717041016,268.840393066406
1,1950,222.165459572357,316,50,132.165459572367,268.702178955078,268.766784667969
1,1950,222.165459572357,316,60,132.165459572367,268.35009765625,268.442077636719
1,1950,222.165459572357,316,70,132.165459572367,268.184051513672,268.282775878906
1,1950,222.165459572357,316,80,132.165459572367,268.030487060547,268.098083496094
1,1950,222.165459572357,316,90,132.165459572367,267.948913574219,268.014038085938
1,1950,222.165459572357,316,100,132.165459572367,267.743133544922,267.817626953125
1,1950,222.165459572357,316,110,132.165459572367,267.600677490234,267.691497802734
1,1950,222.165459572357,316,120,132.165459572367,267.297821044922,267.411437988281
1,1950,222.165459572357,316,130,132.165459572367,267.263336181641,267.491241455078
1,1950,222.165459572357,316,140,132.165459572367,267.208099365234,267.481872558594
1,1950,222.165459572357,316,150,132.165459572367,267.148193359375,267.414154052734
1,1950,222.165459572357,316,160,132.165459572367,267.123504638672,267.372711181641
1,1950,222.165459572357,316,170,132.165459572367,267.162322998047,267.389526367188
1,1950,222.165459572357,316,180,132.165459572367,267.076385498047,267.300750732422
1,1950,222.165459572357,316,190,132.165459572367,267.103912353516,267.330902099609
1,1950,222.165459572357,316,200,132.165459572367,267.047119140625,267.282989501953
1,1950,222.165459572357,316,210,132.165459572367,267.061340332031,267.300018310547
1,1950,222.165459572357,316,220,132.165459572367,267.053497314453,267.293640136719
1,1950,222.165459572357,316,230,132.165459572367,267.032318115234,267.28076171875
1,1950,222.165459572357,316,240,132.165459572367,266.996826171875,267.258636474609
1,1950,222.165459572357,316,250,132.165459572367,266.836181640625,267.149932861328
1,1950,222.165459572357,316,260,132.165459572367,266.743255615234,267.08154296875
1,1950,222.165459572357,316,270,132.165459572367,266.955108642578,267.2216796875
1,1950,222.165459572357,316,280,132.165459572367,267.119201660156,267.340515136719
1,1950,222.165459572357,316,290,132.165459572367,267.600402832031,267.750335693359
1,1950,222.165459572357,316,300,132.165459572367,267.837646484375,267.967834472656
1,1950,222.165459572357,316,310,132.165459572367,267.996978759766,268.110595703125
1,2000,230.006108776065,301,0,140.006108776057,269.924377441406,269.929504394531
1,2000,230.006108776065,301,10,140.006108776057,269.296844482422,269.339569091797
1,2000,230.006108776065,301,20,140.006108776057,268.919342041016,269.011260986328
1,2000,230.006108776065,301,30,140.006108776057,268.673370361328,268.844177246094
1,2000,230.006108776065,301,40,140.006108776057,268.342681884766,268.494567871094
1,2000,230.006108776065,301,50,140.006108776057,268.154357910156,268.29931640625
1,2000,230.006108776065,301,60,140.006108776057,267.90966796875,267.996673583984
1,2000,230.006108776065,301,70,140.006108776057,267.810729980469,267.884124755859
1,2000,230.006108776065,301,80,140.006108776057,267.578735351562,267.672515869141
1,2000,230.006108776065,301,90,140.006108776057,267.433013916016,267.545196533203
1,2000,230.006108776065,301,100,140.006108776057,267.175048828125,267.282897949219
1,2000,230.006108776065,301,110,140.006108776057,267.196807861328,267.325134277344
1,2000,230.006108776065,301,120,140.006108776057,267.053283691406,267.186553955078
1,2000,230.006108776065,301,130,140.006108776057,266.919708251953,267.055389404297
1,2000,230.006108776065,301,140,140.006108776057,266.899566650391,267.044799804688
1,2000,230.006108776065,301,150,140.006108776057,266.868530273438,267.024169921875
1,2000,230.006108776065,301,160,140.006108776057,266.851837158203,267.005004882812
1,2000,230.006108776065,301,170,140.006108776057,266.75634765625,266.905029296875
1,2000,230.006108776065,301,180,140.006108776057,266.803924560547,266.972381591797
1,2000,230.006108776065,301,190,140.006108776057,266.737426757812,266.907836914062
1,2000,230.006108776065,301,200,140.006108776057,266.738464355469,266.913269042969
1,2000,230.006108776065,301,210,140.006108776057,266.685363769531,266.855987548828
1,2000,230.006108776065,301,220,140.006108776057,266.752532958984,266.941833496094
1,2000,230.006108776065,301,230,140.006108776057,266.727752685547,266.912780761719
1,2000,230.006108776065,301,240,140.006108776057,266.753021240234,266.936614990234
1,2000,230.006108776065,301,250,140.006108776057,266.837066650391,267.01025390625
1,2000,230.006108776065,301,260,140.006108776057,266.906494140625,267.072479248047
1,2000,230.006108776065,301,270,140.006108776057,267.013519287109,267.160705566406
1,2000,230.006108776065,301,280,140.006108776057,267.161163330078,267.294799804688
1,2000,230.006108776065,301,290,140.006108776057,267.532318115234,267.660247802734
1,2000,230.006108776065,301,300,140.006108776057,267.663696289062,267.783477783203
1,2050,220.561999673846,296,0,130.561999673837,268.62060546875,268.675903320312
1,2050,220.561999673846,296,10,130.561999673837,268.403045654297,268.460906982422
1,2050,220.561999673846,296,20,130.561999673837,268.35009765625,268.396759033203
1,2050,220.561999673846,296,30,130.561999673837,268.207916259766,268.2529296875
1,2050,220.561999673846,296,40,130.561999673837,268.082550048828,268.108703613281
1,2050,220.561999673846,296,50,130.561999673837,267.717864990234,267.746337890625
1,2050,220.561999673846,296,60,130.561999673837,267.551177978516,267.567230224609
1,2050,220.561999673846,296,70,130.561999673837,267.266784667969,267.284637451172
1,2050,220.561999673846,296,80,130.561999673837,266.965942382812,266.988311767578
1,2050,220.561999673846,296,90,130.561999673837,266.803100585938,266.889617919922
1,2050,220.561999673846,296,100,130.561999673837,266.692993164062,266.798309326172
1,2050,220.561999673846,296,110,130.561999673837,266.636932373047,266.748504638672
1,2050,220.561999673846,296,120,130.561999673837,266.611358642578,266.731353759766
1,2050,220.561999673846,296,130,130.561999673837,266.671234130859,266.802154541016
1,2050,220.561999673846,296,140,130.561999673837,266.644134521484,266.781707763672
1,2050,220.561999673846,296,150,130.561999673837,266.590789794922,266.708465576172
1,2050,220.561999673846,296,160,130.561999673837,266.565887451172,266.678253173828
1,2050,220.561999673846,296,170,130.561999673837,266.587097167969,266.707183837891
1,2050,220.561999673846,296,180,130.561999673837,266.506164550781,266.626068115234
1,2050,220.561999673846,296,190,130.561999673837,266.531768798828,266.660919189453
1,2050,220.561999673846,296,200,130.561999673837,266.519317626953,266.650756835938
1,2050,220.561999673846,296,210,130.561999673837,266.501098632812,266.637939453125
1,2050,220.561999673846,296,220,130.561999673837,266.494873046875,266.634643554688
1,2050,220.561999673846,296,230,130.561999673837,266.474304199219,266.623168945312
1,2050,220.561999673846,296,240,130.561999673837,266.462005615234,266.607666015625
1,2050,220.561999673846,296,250,130.561999673837,266.448120117188,266.572906494141
1,2050,220.561999673846,296,260,130.561999673837,266.327941894531,266.415802001953
1,2050,220.561999673846,296,270,130.561999673837,266.299713134766,266.369812011719
1,2050,220.561999673846,296,280,130.561999673837,266.561645507812,266.736724853516
1,2050,220.561999673846,296,290,130.561999673837,267.181121826172,267.348693847656
1,2100,238.820096766649,287,0,148.820096766654,268.454193115234,268.515075683594
1,2100,238.820096766649,287,10,148.820096766654,268.403045654297,268.460906982422
1,2100,238.820096766649,287,20,148.820096766654,268.164855957031,268.227386474609
1,2100,238.820096766649,287,30,148.820096766654,267.956695556641,268.024658203125
1,2100,238.820096766649,287,40,148.820096766654,267.764465332031,267.839050292969
1,2100,238.820096766649,287,50,148.820096766654,267.645690917969,267.723022460938
1,2100,238.820096766649,287,60,148.820096766654,267.451385498047,267.539031982422
1,2100,238.820096766649,287,70,148.820096766654,267.255065917969,267.354919433594
1,2100,238.820096766649,287,80,148.820096766654,267.136932373047,267.242614746094
1,2100,238.820096766649,287,90,148.820096766654,266.951934814453,267.071105957031
1,2100,238.820096766649,287,100,148.820096766654,266.780303955078,266.912567138672
1,2100,238.820096766649,287,110,148.820096766654,266.629211425781,266.774322509766
1,2100,238.820096766649,287,120,148.820096766654,266.581451416016,266.730102539062
1,2100,238.820096766649,287,130,148.820096766654,266.461944580078,266.620513916016
1,2100,238.820096766649,287,140,148.820096766654,266.348114013672,266.505676269531
1,2100,238.820096766649,287,150,148.820096766654,266.325012207031,266.464538574219
1,2100,238.820096766649,287,160,148.820096766654,266.201324462891,266.323760986328
1,2100,238.820096766649,287,170,148.820096766654,266.071655273438,266.182800292969
1,2100,238.820096766649,287,180,148.820096766654,265.937591552734,266.043395996094
1,2100,238.820096766649,287,190,148.820096766654,265.931762695312,266.05029296875
1,2100,238.820096766649,287,200,148.820096766654,265.773956298828,265.889312744141
1,2100,238.820096766649,287,210,148.820096766654,265.615386962891,265.693359375
1,2100,238.820096766649,287,220,148.820096766654,265.655242919922,265.736511230469
1,2100,238.820096766649,287,230,148.820096766654,265.420440673828,265.47509765625
1,2100,238.820096766649,287,240,148.820096766654,265.381988525391,265.425109863281
1,2100,238.820096766649,287,250,148.820096766654,265.617828369141,265.688415527344
1,2100,238.820096766649,287,260,148.820096766654,265.363189697266,265.420654296875
1,2100,238.820096766649,287,270,148.820096766654,265.790496826172,265.846649169922
1,2100,238.820096766649,287,280,148.820096766654,268.507873535156,268.560485839844
1,2150,234.51797915555,263,0,144.517979155539,267.985198974609,268.0615234375
1,2150,234.51797915555,263,10,144.517979155539,267.954620361328,268.030151367188
1,2150,234.51797915555,263,20,144.517979155539,267.857543945312,267.932281494141
1,2150,234.51797915555,263,30,144.517979155539,267.765686035156,267.84375
1,2150,234.51797915555,263,40,144.517979155539,267.554992675781,267.643981933594
1,2150,234.51797915555,263,50,144.517979155539,267.368103027344,267.466705322266
1,2150,234.51797915555,263,60,144.517979155539,267.217712402344,267.326507568359
1,2150,234.51797915555,263,70,144.517979155539,266.948211669922,267.073577880859
1,2150,234.51797915555,263,80,144.517979155539,266.61328125,266.758819580078
1,2150,234.51797915555,263,90,144.517979155539,266.467224121094,266.629241943359
1,2150,234.51797915555,263,100,144.517979155539,266.2119140625,266.412628173828
1,2150,234.51797915555,263,110,144.517979155539,266.222625732422,266.434051513672
1,2150,234.51797915555,263,120,144.517979155539,266.055328369141,266.296661376953
1,2150,234.51797915555,263,130,144.517979155539,265.898834228516,266.164825439453
1,2150,234.51797915555,263,140,144.517979155539,265.926788330078,266.180847167969
1,2150,234.51797915555,263,150,144.517979155539,265.910583496094,266.128967285156
1,2150,234.51797915555,263,160,144.517979155539,266.010192871094,266.157989501953
1,2150,234.51797915555,263,170,144.517979155539,266.193725585938,266.333770751953
1,2150,234.51797915555,263,180,144.517979155539,266.244445800781,266.378265380859
1,2150,234.51797915555,263,190,144.517979155539,266.267120361328,266.402587890625
1,2150,234.51797915555,263,200,144.517979155539,266.22802734375,266.376617431641
1,2150,234.51797915555,263,210,144.517979155539,266.127502441406,266.279998779297
1,2150,234.51797915555,263,220,144.517979155539,266.157135009766,266.283142089844
1,2150,234.51797915555,263,230,144.517979155539,266.347839355469,266.434783935547
1,2150,234.51797915555,263,240,144.517979155539,266.771423339844,266.836303710938
1,2150,234.51797915555,263,250,144.517979155539,267.541778564453,267.608673095703
1,2150,234.51797915555,263,260,144.517979155539,268.453735351562,268.507751464844
1,2200,228.429975321287,260,0,138.429975321284,267.707061767578,267.789031982422
1,2200,228.429975321287,260,10,138.429975321284,267.659912109375,267.743560791016
1,2200,228.429975321287,260,20,138.429975321284,267.419372558594,267.516998291016
1,2200,228.429975321287,260,30,138.429975321284,267.263275146484,267.375579833984
1,2200,228.429975321287,260,40,138.429975321284,266.964385986328,267.114471435547
1,2200,228.429975321287,260,50,138.429975321284,266.747344970703,266.916290283203
1,2200,228.429975321287,260,60,138.429975321284,266.426208496094,266.633544921875
1,2200,228.429975321287,260,70,138.429975321284,266.273712158203,266.480712890625
1,2200,228.429975321287,260,80,138.429975321284,266.059020996094,266.258270263672
1,2200,228.429975321287,260,90,138.429975321284,265.990051269531,266.190093994141
1,2200,228.429975321287,260,100,138.429975321284,265.789184570312,266.003692626953
1,2200,228.429975321287,260,110,138.429975321284,265.865814208984,266.092529296875
1,2200,228.429975321287,260,120,138.429975321284,265.739593505859,265.992767333984
1,2200,228.429975321287,260,130,138.429975321284,265.760498046875,266.012542724609
1,2200,228.429975321287,260,140,138.429975321284,265.930206298828,266.150390625
1,2200,228.429975321287,260,150,138.429975321284,266.04443359375,266.244140625
1,2200,228.429975321287,260,160,138.429975321284,266.189270019531,266.367584228516
1,2200,228.429975321287,260,170,138.429975321284,266.315704345703,266.493377685547
1,2200,228.429975321287,260,180,138.429975321284,266.413726806641,266.598205566406
1,2200,228.429975321287,260,190,138.429975321284,266.452606201172,266.641387939453
1,2200,228.429975321287,260,200,138.429975321284,266.506683349609,266.710510253906
1,2200,228.429975321287,260,210,138.429975321284,266.540740966797,266.750091552734
1,2200,228.429975321287,260,220,138.429975321284,266.633422851562,266.865570068359
1,2200,228.429975321287,260,230,138.429975321284,266.830352783203,267.008911132812
1,2200,228.429975321287,260,240,138.429975321284,267.186309814453,267.342102050781
1,2200,228.429975321287,260,250,138.429975321284,267.457885742188,267.589569091797
1,2250,224.352590793389,266,0,134.352590793403,267.831115722656,267.888519287109
1,2250,224.352590793389,266,10,134.352590793403,268.042816162109,268.075500488281
1,2250,224.352590793389,266,20,134.352590793403,267.229431152344,267.292572021484
1,2250,224.352590793389,266,30,134.352590793403,266.283081054688,266.355773925781
1,2250,224.352590793389,266,40,134.352590793403,266.160980224609,266.299743652344
1,2250,224.352590793389,266,50,134.352590793403,265.992797851562,266.142608642578
1,2250,224.352590793389,266,60,134.352590793403,265.769287109375,265.917999267578
1,2250,224.352590793389,266,70,134.352590793403,265.712738037109,265.86474609375
1,2250,224.352590793389,266,80,134.352590793403,265.476257324219,265.640075683594
1,2250,224.352590793389,266,90,134.352590793403,265.582946777344,265.766052246094
1,2250,224.352590793389,266,100,134.352590793403,265.554412841797,265.745941162109
1,2250,224.352590793389,266,110,134.352590793403,265.535247802734,265.735565185547
1,2250,224.352590793389,266,120,134.352590793403,265.556121826172,265.763793945312
1,2250,224.352590793389,266,130,134.352590793403,265.690460205078,265.911682128906
1,2250,224.352590793389,266,140,134.352590793403,265.823822021484,266.038421630859
1,2250,224.352590793389,266,150,134.352590793403,266.082977294922,266.273315429688
1,2250,224.352590793389,266,160,134.352590793403,266.291778564453,266.460540771484
1,2250,224.352590793389,266,170,134.352590793403,266.418670654297,266.570709228516
1,2250,224.352590793389,266,180,134.352590793403,266.604949951172,266.735229492188
1,2250,224.352590793389,266,190,134.352590793403,266.670135498047,266.796081542969
1,2250,224.352590793389,266,200,134.352590793403,266.708557128906,266.847076416016
1,2250,224.352590793389,266,210,134.352590793403,266.819946289062,266.945892333984
1,2250,224.352590793389,266,220,134.352590793403,266.873260498047,267.015960693359
1,2250,224.352590793389,266,230,134.352590793403,267.027984619141,267.1533203125
1,2250,224.352590793389,266,240,134.352590793403,267.140380859375,267.262145996094
1,2250,224.352590793389,266,250,134.352590793403,267.339385986328,267.460418701172
1,2250,224.352590793389,266,260,134.352590793403,267.551055908203,267.656372070312
1,2300,240.670366535288,263,0,150.670366535294,267.463775634766,267.537536621094
1,2300,240.670366535288,263,10,150.670366535294,267.225524902344,267.304260253906
1,2300,240.670366535288,263,20,150.670366535294,267.048370361328,267.130126953125
1,2300,240.670366535288,263,30,150.670366535294,266.619262695312,266.72119140625
1,2300,240.670366535288,263,40,150.670366535294,266.326843261719,266.447570800781
1,2300,240.670366535288,263,50,150.670366535294,266.116241455078,266.246154785156
1,2300,240.670366535288,263,60,150.670366535294,265.988311767578,266.122589111328
1,2300,240.670366535288,263,70,150.670366535294,265.846832275391,265.983795166016
1,2300,240.670366535288,263,80,150.670366535294,265.7216796875,265.860382080078
1,2300,240.670366535288,263,90,150.670366535294,265.611846923828,265.75048828125
1,2300,240.670366535288,263,100,150.670366535294,265.582244873047,265.725708007812
1,2300,240.670366535288,263,110,150.670366535294,265.523559570312,265.670013427734
1,2300,240.670366535288,263,120,150.670366535294,265.488891601562,265.643493652344
1,2300,240.670366535288,263,130,150.670366535294,265.470184326172,265.636627197266
1,2300,240.670366535288,263,140,150.670366535294,265.559814453125,265.722198486328
1,2300,240.670366535288,263,150,150.670366535294,265.666687011719,265.803009033203
1,2300,240.670366535288,263,160,150.670366535294,265.908233642578,266.003356933594
1,2300,240.670366535288,263,170,150.670366535294,266.317474365234,266.380615234375
1,2300,240.670366535288,263,180,150.670366535294,266.501525878906,266.560394287109
1,2300,240.670366535288,263,190,150.670366535294,266.674987792969,266.71533203125
1,2300,240.670366535288,263,200,150.670366535294,266.782012939453,266.817077636719
1,2300,240.670366535288,263,210,150.670366535294,266.870635986328,266.882232666016
1,2300,240.670366535288,263,220,150.670366535294,266.817749023438,266.847229003906
1,2300,240.670366535288,263,230,150.670366535294,266.879302978516,266.921722412109
1,2300,240.670366535288,263,240,150.670366535294,267.124328613281,267.179107666016
1,2300,240.670366535288,263,250,150.670366535294,267.448944091797,267.506622314453
1,2300,240.670366535288,263,260,150.670366535294,267.813995361328,267.876129150391
1,2350,228.422038881292,257,0,138.422038881282,270.213012695312,270.240631103516
1,2350,228.422038881292,257,10,138.422038881282,269.987091064453,270.006744384766
1,2350,228.422038881292,257,20,138.422038881282,267.933532714844,267.980072021484
1,2350,228.422038881292,257,30,138.422038881282,266.716644287109,266.797668457031
1,2350,228.422038881292,257,40,138.422038881282,266.436553955078,266.523468017578
1,2350,228.422038881292,257,50,138.422038881282,266.054962158203,266.141510009766
1,2350,228.422038881292,257,60,138.422038881282,265.961151123047,266.057922363281
1,2350,228.422038881292,257,70,138.422038881282,265.77783203125,265.883087158203
1,2350,228.422038881292,257,80,138.422038881282,265.655975341797,265.757202148438
1,2350,228.422038881292,257,90,138.422038881282,265.432006835938,265.528015136719
1,2350,228.422038881292,257,100,138.422038881282,265.344451904297,265.442504882812
1,2350,228.422038881292,257,110,138.422038881282,265.150207519531,265.258544921875
1,2350,228.422038881292,257,120,138.422038881282,265.239196777344,265.363983154297
1,2350,228.422038881292,257,130,138.422038881282,265.189575195312,265.330963134766
1,2350,228.422038881292,257,140,138.422038881282,265.261047363281,265.407348632812
1,2350,228.422038881292,257,150,138.422038881282,265.484222412109,265.613739013672
1,2350,228.422038881292,257,160,138.422038881282,265.620483398438,265.738525390625
1,2350,228.422038881292,257,170,138.422038881282,265.777374267578,265.879364013672
1,2350,228.422038881292,257,180,138.422038881282,266.002471923828,266.09716796875
1,2350,228.422038881292,257,190,138.422038881282,266.131042480469,266.217651367188
1,2350,228.422038881292,257,200,138.422038881282,266.233551025391,266.316650390625
1,2350,228.422038881292,257,210,138.422038881282,266.451293945312,266.528411865234
1,2350,228.422038881292,257,220,138.422038881282,266.575134277344,266.64990234375
1,2350,228.422038881292,257,230,138.422038881282,266.802001953125,266.872711181641
1,2350,228.422038881292,257,240,138.422038881282,266.959686279297,267.032135009766
1,2350,228.422038881292,257,250,138.422038881282,267.10986328125,267.182983398438
1,2400,235.132985756897,230,0,145.132985756891,267.421478271484,267.494049072266
1,2400,235.132985756897,230,10,145.132985756891,267.179290771484,267.251007080078
1,2400,235.132985756897,230,20,145.132985756891,266.791534423828,266.863342285156
1,2400,235.132985756897,230,30,145.132985756891,266.495971679688,266.571441650391
1,2400,235.132985756897,230,40,145.132985756891,266.154052734375,266.231903076172
1,2400,235.132985756897,230,50,145.132985756891,265.914245605469,265.993774414062
1,2400,235.132985756897,230,60,145.132985756891,265.813171386719,265.897338867188
1,2400,235.132985756897,230,70,145.132985756891,265.608947753906,265.707244873047
1,2400,235.132985756897,230,80,145.132985756891,265.403472900391,265.514953613281
1,2400,235.132985756897,230,90,145.132985756891,265.300109863281,265.416412353516
1,2400,235.132985756897,230,100,145.132985756891,265.084564208984,265.204620361328
1,2400,235.132985756897,230,110,145.132985756891,265.03369140625,265.154083251953
1,2400,235.132985756897,230,120,145.132985756891,264.900024414062,265.030334472656
1,2400,235.132985756897,230,130,145.132985756891,264.816955566406,264.958831787109
1,2400,235.132985756897,230,140,145.132985756891,265.051147460938,265.173370361328
1,2400,235.132985756897,230,150,145.132985756891,265.069244384766,265.179138183594
1,2400,235.132985756897,230,160,145.132985756891,265.103179931641,265.1982421875
1,2400,235.132985756897,230,170,145.132985756891,265.223571777344,265.309234619141
1,2400,235.132985756897,230,180,145.132985756891,265.298858642578,265.367492675781
1,2400,235.132985756897,230,190,145.132985756891,265.422241210938,265.478302001953
1,2400,235.132985756897,230,200,145.132985756891,265.652862548828,265.710571289062
1,2400,235.132985756897,230,210,145.132985756891,266.313690185547,266.37353515625
1,2400,235.132985756897,230,220,145.132985756891,266.614135742188,266.674377441406
1,2450,241.150175224264,217,0,151.15017522426,267.057739257812,267.131744384766
1,2450,241.150175224264,217,10,151.15017522426,266.935363769531,267.006927490234
1,2450,241.150175224264,217,20,151.15017522426,266.514312744141,266.587036132812
1,2450,241.150175224264,217,30,151.15017522426,266.174835205078,266.24951171875
1,2450,241.150175224264,217,40,151.15017522426,265.925842285156,266.003021240234
1,2450,241.150175224264,217,50,151.15017522426,265.805267333984,265.885284423828
1,2450,241.150175224264,217,60,151.15017522426,265.616912841797,265.702819824219
1,2450,241.150175224264,217,70,151.15017522426,265.445037841797,265.533081054688
1,2450,241.150175224264,217,80,151.15017522426,265.250610351562,265.344055175781
1,2450,241.150175224264,217,90,151.15017522426,265.162719726562,265.261260986328
1,2450,241.150175224264,217,100,151.15017522426,264.987213134766,265.091522216797
1,2450,241.150175224264,217,110,151.15017522426,264.808959960938,264.928558349609
1,2450,241.150175224264,217,120,151.15017522426,264.619262695312,264.771148681641
1,2450,241.150175224264,217,130,151.15017522426,264.604766845703,264.76318359375
1,2450,241.150175224264,217,140,151.15017522426,264.504608154297,264.660125732422
1,2450,241.150175224264,217,150,151.15017522426,264.414642333984,264.562866210938
1,2450,241.150175224264,217,160,151.15017522426,264.294494628906,264.432220458984
1,2450,241.150175224264,217,170,151.15017522426,264.304077148438,264.432220458984
1,2450,241.150175224264,217,180,151.15017522426,264.1416015625,264.278533935547
1,2450,241.150175224264,217,190,151.15017522426,264.261413574219,264.352905273438
1,2450,241.150175224264,217,200,151.15017522426,265.607330322266,265.644439697266
1,2450,241.150175224264,217,210,151.15017522426,267.098114013672,267.118988037109
1,2500,232.526172171866,240,0,142.52617217186,271.420074462891,271.620666503906
1,2500,232.526172171866,240,10,142.52617217186,269.194305419922,269.225677490234
1,2500,232.526172171866,240,20,142.52617217186,266.985717773438,267.032165527344
1,2500,232.526172171866,240,30,142.52617217186,266.323791503906,266.36474609375
1,2500,232.526172171866,240,40,142.52617217186,266.042663574219,266.090393066406
1,2500,232.526172171866,240,50,142.52617217186,265.591613769531,265.638977050781
1,2500,232.526172171866,240,60,142.52617217186,265.395263671875,265.452209472656
1,2500,232.526172171866,240,70,142.52617217186,265.317291259766,265.383087158203
1,2500,232.526172171866,240,80,142.52617217186,265.132446289062,265.215393066406
1,2500,232.526172171866,240,90,142.52617217186,265.060607910156,265.157318115234
1,2500,232.526172171866,240,100,142.52617217186,264.877746582031,265.003997802734
1,2500,232.526172171866,240,110,142.52617217186,264.732818603516,264.864929199219
1,2500,232.526172171866,240,120,142.52617217186,264.656463623047,264.791900634766
1,2500,232.526172171866,240,130,142.52617217186,264.464721679688,264.61767578125
1,2500,232.526172171866,240,140,142.52617217186,264.444274902344,264.605224609375
1,2500,232.526172171866,240,150,142.52617217186,264.468688964844,264.623901367188
1,2500,232.526172171866,240,160,142.52617217186,264.494140625,264.643005371094
1,2500,232.526172171866,240,170,142.52617217186,264.472900390625,264.6142578125
1,2500,232.526172171866,240,180,142.52617217186,264.464721679688,264.597503662109
1,2500,232.526172171866,240,190,142.52617217186,264.525482177734,264.652130126953
1,2500,232.526172171866,240,200,142.52617217186,264.692352294922,264.806640625
1,2500,232.526172171866,240,210,142.52617217186,264.809387207031,264.917541503906
1,2500,232.526172171866,240,220,142.52617217186,264.935302734375,265.035308837891
1,2500,232.526172171866,240,230,142.52617217186,265.126312255859,265.219299316406
1,2500,232.526172171866,240,240,142.52617217186,265.314758300781,265.406890869141
1,2550,217.795708769512,254,0,127.79570876951,267.283874511719,267.356140136719
1,2550,217.795708769512,254,10,127.79570876951,266.615478515625,266.690887451172
1,2550,217.795708769512,254,20,127.79570876951,266.249725341797,266.328308105469
1,2550,217.795708769512,254,30,127.79570876951,265.705169677734,265.792602539062
1,2550,217.795708769512,254,40,127.79570876951,265.474731445312,265.565551757812
1,2550,217.795708769512,254,50,127.79570876951,265.294982910156,265.394561767578
1,2550,217.795708769512,254,60,127.79570876951,265.001678466797,265.120300292969
1,2550,217.795708769512,254,70,127.79570876951,264.782592773438,264.904998779297
1,2550,217.795708769512,254,80,127.79570876951,264.461334228516,264.581176757812
1,2550,217.795708769512,254,90,127.79570876951,264.3681640625,264.494262695312
1,2550,217.795708769512,254,100,127.79570876951,264.278045654297,264.424896240234
1,2550,217.795708769512,254,110,127.79570876951,264.162689208984,264.297088623047
1,2550,217.795708769512,254,120,127.79570876951,264.1513671875,264.299957275391
1,2550,217.795708769512,254,130,127.79570876951,264.283599853516,264.442321777344
1,2550,217.795708769512,254,140,127.79570876951,264.293731689453,264.452941894531
1,2550,217.795708769512,254,150,127.79570876951,264.343200683594,264.498992919922
1,2550,217.795708769512,254,160,127.79570876951,264.327789306641,264.479553222656
1,2550,217.795708769512,254,170,127.79570876951,264.319732666016,264.468017578125
1,2550,217.795708769512,254,180,127.79570876951,264.258544921875,264.400543212891
1,2550,217.795708769512,254,190,127.79570876951,264.232635498047,264.369018554688
1,2550,217.795708769512,254,200,127.79570876951,264.146911621094,264.271148681641
1,2550,217.795708769512,254,210,127.79570876951,264.113616943359,264.228881835938
1,2550,217.795708769512,254,220,127.79570876951,263.914215087891,264.013153076172
1,2550,217.795708769512,254,230,127.79570876951,263.996215820312,264.070983886719
1,2550,217.795708769512,254,240,127.79570876951,264.258178710938,264.300811767578
1,2550,217.795708769512,254,250,127.79570876951,265.984710693359,266.056518554688
1,0,234.912730780971,9995,0,144.912730796281,279.341705322266,279.356597900391
1,0,234.912730780971,9995,0,144.912730774142,279.132904052734,279.173187255859
1,0,234.912730780971,9995,0,144.912730780976,279.341705322266,279.356597900391
1,0,234.912730780971,9995,10,144.912730780976,279.109771728516,279.118225097656
1,0,234.912730780971,9995,20,144.912730780976,277.900939941406,277.996215820312
1,0,234.912730780971,9995,30,144.912730780976,277.948364257812,278.098236083984
1,0,234.912730780971,9995,40,144.912730780976,277.970062255859,278.213897705078
1,0,234.912730780971,9995,50,144.912730780976,278.001586914062,278.225219726562
1,0,234.912730780971,9995,60,144.912730780976,277.853179931641,278.187835693359
1,0,234.912730780971,9995,70,144.912730780976,277.993560791016,278.11962890625
1,0,234.912730780971,9995,80,144.912730780976,278.024810791016,278.061706542969
1,0,234.912730780971,9995,90,144.912730780976,277.951446533203,278.009613037109
1,0,234.912730780971,9995,100,144.912730780976,277.907867431641,278.066986083984
1,0,234.912730780971,9995,110,144.912730780976,277.720489501953,277.852478027344
1,0,234.912730780971,9995,120,144.912730780976,277.900970458984,277.957855224609
1,0,234.912730780971,9995,130,144.912730780976,277.849273681641,278.023773193359
1,0,234.912730780971,9995,140,144.912730780976,277.591522216797,277.781616210938
1,0,234.912730780971,9995,150,144.912730780976,277.376007080078,277.609771728516
1,0,234.912730780971,9995,160,144.912730780976,276.975708007812,277.211303710938
1,0,234.912730780971,9995,170,144.912730780976,277.050872802734,277.336517333984
1,0,234.912730780971,9995,180,144.912730780976,277.152099609375,277.572082519531
1,0,234.912730780971,9995,190,144.912730780976,277.408843994141,277.762298583984
1,0,234.912730780971,9995,200,144.912730780976,277.580688476562,277.892578125
1,0,234.912730780971,9995,210,144.912730780976,277.697540283203,278.019287109375
1,0,234.912730780971,9995,220,144.912730780976,277.763427734375,278.147552490234
1,0,234.912730780971,9995,230,144.912730780976,277.951568603516,278.22509765625
1,0,234.912730780971,9995,240,144.912730780976,278.064849853516,278.247650146484
1,0,234.912730780971,9995,250,144.912730780976,278.067169189453,278.141387939453
1,0,234.912730780971,9995,260,144.912730780976,277.953063964844,278.035247802734
1,0,234.912730780971,9995,270,144.912730780976,277.948303222656,278.02734375
1,0,234.912730780971,9995,280,144.912730780976,278.102508544922,278.17333984375
1,0,234.912730780971,9995,290,144.912730780976,279.304901123047,279.333526611328
1,2600,224.42607378703,5130,0,134.426073787036,,
1,2600,224.42607378703,5130,10,134.426073787036,,
1,2600,224.42607378703,5130,20,134.426073787036,,
1,2600,224.42607378703,5130,30,134.426073787036,264.933319091797,265.043182373047
1,2600,224.42607378703,5130,40,134.426073787036,264.738983154297,264.852508544922
1,2600,224.42607378703,5130,50,134.426073787036,264.578094482422,264.696594238281
1,2600,224.42607378703,5130,60,134.426073787036,264.271392822266,264.384521484375
1,2600,224.42607378703,5130,70,134.426073787036,264.013732910156,264.193695068359
1,2600,224.42607378703,5130,80,134.426073787036,263.975494384766,264.138244628906
1,2600,224.42607378703,5130,90,134.426073787036,263.748992919922,263.934478759766
1,2600,224.42607378703,5130,100,134.426073787036,263.913604736328,264.116027832031
1,2600,224.42607378703,5130,110,134.426073787036,263.923645019531,264.127258300781
1,2600,224.42607378703,5130,120,134.426073787036,263.831085205078,264.046569824219
1,2600,224.42607378703,5130,130,134.426073787036,264.037994384766,264.223571777344
1,2600,224.42607378703,5130,140,134.426073787036,264.036285400391,264.211212158203
1,2600,224.42607378703,5130,150,134.426073787036,264.132843017578,264.291961669922
1,2600,224.42607378703,5130,160,134.426073787036,264.147308349609,264.301330566406
1,2600,224.42607378703,5130,170,134.426073787036,264.151824951172,264.299682617188
1,2600,224.42607378703,5130,180,134.426073787036,264.143005371094,264.289001464844
1,2600,224.42607378703,5130,190,134.426073787036,264.15234375,264.292419433594
1,2600,224.42607378703,5130,200,134.426073787036,264.024627685547,264.160369873047
1,2600,224.42607378703,5130,210,134.426073787036,263.939758300781,264.065246582031
1,2600,224.42607378703,5130,220,134.426073787036,263.634094238281,263.730590820312
1,2600,224.42607378703,5130,230,134.426073787036,263.514373779297,263.6005859375
1,2600,224.42607378703,5130,240,134.426073787036,263.991027832031,264.225524902344
1,2600,224.42607378703,5130,250,134.426073787036,264.740814208984,264.916320800781
1,2600,224.42607378703,5130,260,134.426073787036,265.754943847656,265.839385986328
